Name,Brand,Display,HDH,Camera sau,Camera trước,Chip,Ram,Rom,Sim,Battery,Gia,Danh gia,So Luong,Link,Tên cửa hàng
Điện thoại Samsung Galaxy S22 Ultra 5G 128GB,Samsung,"Dynamic AMOLED 2X,6.8"",Quad HD+ (2K+)",Android 12,"Chính 108 MP & Phụ 12 MP, 10 MP, 10 MP",40 MP,Snapdragon 8 Gen 1 8 nhân,8 GB,128 GB,2 Nano SIM hoặc 1 Nano SIM + 1 eSIM,5000 mAh,30990000,3,18,https://www.thegioididong.com/dtdd/samsung-galaxy-s22-ultra?src=osp,Thế giới đi động
Điện thoại iPhone 11 64GB,iPhone,"IPS LCD,6.1"",Liquid Retina",iOS 15,2 camera 12 MP,12 MP,Apple A13 Bionic,4 GB,64 GB,1 Nano SIM & 1 eSIM,3110 mAh,14990000,4,817,https://www.thegioididong.com/dtdd/iphone-11?src=osp,Thế giới đi động
Điện thoại OPPO Reno7 Z 5G,OPPO,"AMOLED,6.43"",Full HD+",Android 11,"Chính 64 MP & Phụ 2 MP, 2 MP",16 MP,Snapdragon 695 5G 8 nhân,8 GB,128 GB,2 Nano SIM (SIM 2 chung khe thẻ nhớ),4500 mAh,10490000,3.8,81,https://www.thegioididong.com/dtdd/oppo-reno7-z?src=osp,Thế giới đi động
Điện thoại Realme C35 64GB,Realme,"IPS LCD,6.6"",Full HD+",Android 11,"Chính 50 MP & Phụ 2 MP, 0.3 MP",8 MP,Unisoc T616 8 nhân,4 GB,64 GB,2 Nano SIM,5000 mAh,3990000,3.5,94,https://www.thegioididong.com/dtdd/realme-c35?src=osp,Thế giới đi động
Điện thoại Xiaomi 11T 5G 128GB,Xiaomi,"AMOLED,6.67"",Full HD+",Android 11,"Chính 108 MP & Phụ 8 MP, 5 MP",16 MP,MediaTek Dimensity 1200,8 GB,128 GB,2 Nano SIM,5000 mAh,10990000,3.8,310,https://www.thegioididong.com/dtdd/xiaomi-11t?src=osp,Thế giới đi động
Điện thoại Samsung Galaxy A03 3GB,Samsung,"PLS LCD,6.5"",HD+",Android 11,Chính 48 MP & Phụ 2 MP,5 MP,Unisoc T606 8 nhân,3 GB,32 GB,2 Nano SIM,5000 mAh,2990000,3.8,81,https://www.thegioididong.com/dtdd/samsung-galaxy-a03?src=osp,Thế giới đi động
Điện thoại Xiaomi Redmi Note 11 Pro,Xiaomi,"AMOLED,6.67"",Full HD+",Android 11,"Chính 108 MP & Phụ 8 MP, 2 MP, 2 MP",16 MP,MediaTek Helio G96 8 nhân,8 GB,128 GB,2 Nano SIM (SIM 2 chung khe thẻ nhớ),5000 mAh,7490000,3.4,156,https://www.thegioididong.com/dtdd/xiaomi-redmi-note-11-pro-4g?src=osp,Thế giới đi động
Điện thoại iPhone 13 Pro Max 128GB,iPhone,"OLED,6.7"",Super Retina XDR",iOS 15,3 camera 12 MP,12 MP,Apple A15 Bionic,6 GB,128 GB,1 Nano SIM & 1 eSIM,4352 mAh,33990000,4.6,342,https://www.thegioididong.com/dtdd/iphone-13-pro-max?src=osp,Thế giới đi động
Điện thoại Samsung Galaxy A52s 5G 128GB,Samsung,"Super AMOLED,6.5"",Full HD+",Android 11,"Chính 64 MP & Phụ 12 MP, 5 MP, 5 MP",32 MP,Snapdragon 778G 5G 8 nhân,8 GB,128 GB,2 Nano SIM (SIM 2 chung khe thẻ nhớ),4500 mAh,8990000,3.7,493,https://www.thegioididong.com/dtdd/samsung-galaxy-a52s-5g?src=osp,Thế giới đi động
Điện thoại Vivo Y15s,Vivo,"IPS LCD,6.51"",HD+",Android 11 (Go Edition),Chính 13 MP & Phụ 2 MP,8 MP,MediaTek Helio P35,3 GB,32 GB,2 Nano SIM,5000 mAh,3490000,3.4,74,https://www.thegioididong.com/dtdd/vivo-y15s-2021?src=osp,Thế giới đi động
Điện thoại Samsung Galaxy Z Fold3 5G 256GB,Samsung,"Dynamic AMOLED 2X,Chính 7.6"" & Phụ 6.2"",Full HD+",Android 11,3 camera 12 MP,10 MP & 4 MP,Snapdragon 888,12 GB,256 GB,2 Nano SIM + 1 eSIM,4400 mAh,33990000,4.8,27,https://www.thegioididong.com/dtdd/samsung-galaxy-z-fold-3?src=osp,Thế giới đi động
Điện thoại iPhone 13 Pro 128GB,iPhone,"OLED,6.1"",Super Retina XDR",iOS 15,3 camera 12 MP,12 MP,Apple A15 Bionic,6 GB,128 GB,1 Nano SIM & 1 eSIM,3095 mAh,30990000,4.3,78,https://www.thegioididong.com/dtdd/iphone-13-pro?src=osp,Thế giới đi động
Điện thoại iPhone 12 Pro Max 256GB,iPhone,"OLED,6.7"",Super Retina XDR",iOS 15,3 camera 12 MP,12 MP,Apple A14 Bionic,6 GB,256 GB,1 Nano SIM & 1 eSIM,3687 mAh,28990000,4,47,https://www.thegioididong.com/dtdd/iphone-12-pro-max-256gb?src=osp,Thế giới đi động
Điện thoại iPhone 12 Pro 256GB,iPhone,"OLED,6.1"",Super Retina XDR",iOS 15,3 camera 12 MP,12 MP,Apple A14 Bionic,6 GB,256 GB,1 Nano SIM & 1 eSIM,2815 mAh,26290000,3.5,21,https://www.thegioididong.com/dtdd/iphone-12-pro-256gb?src=osp,Thế giới đi động
Điện thoại Samsung Galaxy S22+ 5G 128GB,Samsung,"Dynamic AMOLED 2X,6.6"",Full HD+",Android 12,"Chính 50 MP & Phụ 12 MP, 10 MP",10 MP,Snapdragon 8 Gen 1 8 nhân,8 GB,128 GB,2 Nano SIM hoặc 1 Nano SIM + 1 eSIM,4500 mAh,25990000,5,7,https://www.thegioididong.com/dtdd/samsung-galaxy-s22-plus?src=osp,Thế giới đi động
Điện thoại iPhone 13 128GB,iPhone,"OLED,6.1"",Super Retina XDR",iOS 15,2 camera 12 MP,12 MP,Apple A15 Bionic,4 GB,128 GB,1 Nano SIM & 1 eSIM,3240 mAh,24990000,4.4,246,https://www.thegioididong.com/dtdd/iphone-13?src=osp,Thế giới đi động
Điện thoại Samsung Galaxy S22 5G 128GB,Samsung,"Dynamic AMOLED 2X,6.1"",Full HD+",Android 12,"Chính 50 MP & Phụ 12 MP, 10 MP",10 MP,Snapdragon 8 Gen 1 8 nhân,8 GB,128 GB,2 Nano SIM hoặc 1 Nano SIM + 1 eSIM,3700 mAh,21990000,5,14,https://www.thegioididong.com/dtdd/samsung-galaxy-s22?src=osp,Thế giới đi động
Điện thoại Samsung Galaxy S21+ 5G 128GB,Samsung,"Dynamic AMOLED 2X,6.7"",Full HD+",Android 11,"Chính 12 MP & Phụ 64 MP, 12 MP",10 MP,Exynos 2100,8 GB,128 GB,2 Nano SIM hoặc 1 Nano SIM + 1 eSIM,4800 mAh,20990000,3,145,https://www.thegioididong.com/dtdd/samsung-galaxy-s21-plus?src=osp,Thế giới đi động
Điện thoại iPhone 13 mini 128GB,iPhone,"OLED,5.4"",Super Retina XDR",iOS 15,2 camera 12 MP,12 MP,Apple A15 Bionic,4 GB,128 GB,1 Nano SIM & 1 eSIM,2438 mAh,21990000,4.4,30,https://www.thegioididong.com/dtdd/iphone-13-mini?src=osp,Thế giới đi động
Điện thoại Samsung Galaxy Z Flip3 5G 128GB,Samsung,"Dynamic AMOLED 2X,Chính 6.7"" & Phụ 1.9"",Full HD+",Android 11,2 camera 12 MP,10 MP,Snapdragon 888,8 GB,128 GB,1 Nano SIM & 1 eSIM,3300 mAh,18990000,4.1,36,https://www.thegioididong.com/dtdd/samsung-galaxy-z-flip-3?src=osp,Thế giới đi động
Điện thoại iPhone 12 mini 64GB,iPhone,"OLED,5.4"",Super Retina XDR",iOS 15,2 camera 12 MP,12 MP,Apple A14 Bionic,4 GB,64 GB,1 Nano SIM & 1 eSIM,2227 mAh,18990000,3.8,71,https://www.thegioididong.com/dtdd/iphone-12-mini?src=osp,Thế giới đi động
Điện thoại iPhone 12 64GB,iPhone,"OLED,6.1"",Super Retina XDR",iOS 15,2 camera 12 MP,12 MP,Apple A14 Bionic,4 GB,64 GB,1 Nano SIM & 1 eSIM,2815 mAh,19990000,3.8,221,https://www.thegioididong.com/dtdd/iphone-12?src=osp,Thế giới đi động
Điện thoại Samsung Galaxy Note 20,Samsung,"Super AMOLED Plus,6.7"",Full HD+",Android 10,"Chính 12 MP & Phụ 64 MP, 12 MP",10 MP,Exynos 990,8 GB,256 GB,2 Nano SIM hoặc 1 Nano SIM + 1 eSIM,4300 mAh,15990000,3.1,247,https://www.thegioididong.com/dtdd/samsung-galaxy-note-20?src=osp,Thế giới đi động
Điện thoại Samsung Galaxy S21 5G,Samsung,"Dynamic AMOLED 2X,6.2"",Full HD+",Android 11,"Chính 12 MP & Phụ 64 MP, 12 MP",10 MP,Exynos 2100,8 GB,128 GB,2 Nano SIM hoặc 1 Nano SIM + 1 eSIM,4000 mAh,20990000,3.5,304,https://www.thegioididong.com/dtdd/samsung-galaxy-s21?src=osp,Thế giới đi động
Điện thoại Xiaomi 11T Pro 5G 8GB,Xiaomi,"AMOLED,6.67"",Full HD+",Android 11,"Chính 108 MP & Phụ 8 MP, 5 MP",16 MP,Snapdragon 888,8 GB,256 GB,2 Nano SIM,5000 mAh,13990000,3.1,36,https://www.thegioididong.com/dtdd/xiaomi-11t-pro-5g-8gb?src=osp,Thế giới đi động
Điện thoại iPhone XR 128GB,iPhone,"IPS LCD,6.1"",Liquid Retina",iOS 15,12 MP,7 MP,Apple A12 Bionic,3 GB,128 GB,1 Nano SIM & 1 eSIM,2942 mAh,13490000,4.2,49,https://www.thegioididong.com/dtdd/iphone-xr-128gb?src=osp,Thế giới đi động
Điện thoại OPPO Reno6 5G,OPPO,"AMOLED,6.43"",Full HD+",Android 11,"Chính 64 MP & Phụ 8 MP, 2 MP",32 MP,MediaTek Dimensity 900 5G,8 GB,128 GB,2 Nano SIM,4300 mAh,12990000,3.7,340,https://www.thegioididong.com/dtdd/oppo-reno6?src=osp,Thế giới đi động
Điện thoại Samsung Galaxy S21 FE 5G (6GB/128GB),Samsung,"Dynamic AMOLED 2X,6.4"",Full HD+",Android 12,"Chính 12 MP & Phụ 12 MP, 8 MP",32 MP,Exynos 2100,6 GB,128 GB,2 Nano SIM,4500 mAh,12490000,3.7,36,https://www.thegioididong.com/dtdd/samsung-galaxy-s21-fe-6gb?src=osp,Thế giới đi động
Điện thoại Samsung Galaxy A73 5G 128GB,Samsung,"Super AMOLED Plus,6.7"",Full HD+",Android 12,"Chính 108 MP & Phụ 12 MP, 5 MP, 5 MP",32 MP,Snapdragon 778G 5G 8 nhân,8 GB,128 GB,2 Nano SIM (SIM 2 chung khe thẻ nhớ),5000 mAh,11990000,4,36,https://www.thegioididong.com/dtdd/samsung-galaxy-a73?src=osp,Thế giới đi động
Điện thoại Samsung Galaxy S20 FE (8GB/256GB),Samsung,"Super AMOLED,6.5"",Full HD+",Android 11,"Chính 12 MP & Phụ 12 MP, 8 MP",32 MP,Snapdragon 865,8 GB,256 GB,2 Nano SIM (SIM 2 chung khe thẻ nhớ),4500 mAh,11990000,3.5,354,https://www.thegioididong.com/dtdd/samsung-galaxy-s20-fan-edition?src=osp,Thế giới đi động
Điện thoại iPhone SE 64GB (2020) (Hộp mới),iPhone,"IPS LCD,4.7"",Retina HD",iOS 15,12 MP,7 MP,Apple A13 Bionic,3 GB,64 GB,1 Nano SIM & 1 eSIM,1821 mAh,10490000,4.1,49,https://www.thegioididong.com/dtdd/iphone-se-64gb-2020-hop-moi?src=osp,Thế giới đi động
Điện thoại Samsung Galaxy A53 5G 128GB,Samsung,"Super AMOLED,6.5"",Full HD+",Android 12,"Chính 64 MP & Phụ 12 MP, 5 MP, 5 MP",32 MP,Exynos 1280 8 nhân,8 GB,128 GB,2 Nano SIM (SIM 2 chung khe thẻ nhớ),5000 mAh,9990000,3.3,93,https://www.thegioididong.com/dtdd/samsung-galaxy-a53?src=osp,Thế giới đi động
Điện thoại Xiaomi 11 Lite 5G NE,Xiaomi,"AMOLED,6.55"",Full HD+",Android 11,"Chính 64 MP & Phụ 8 MP, 5 MP",20 MP,Snapdragon 778G 5G 8 nhân,8 GB,128 GB,2 Nano SIM (SIM 2 chung khe thẻ nhớ),4250 mAh,9490000,3.7,316,https://www.thegioididong.com/dtdd/xiaomi-11-lite-5g-ne?src=osp,Thế giới đi động
Điện thoại Samsung Galaxy A52 128GB,Samsung,"Super AMOLED,6.5"",Full HD+",Android 11,"Chính 64 MP & Phụ 12 MP, 5 MP, 5 MP",32 MP,Snapdragon 720G,8 GB,128 GB,2 Nano SIM,4500 mAh,9290000,3,217,https://www.thegioididong.com/dtdd/samsung-galaxy-a52?src=osp,Thế giới đi động
Điện thoại Vivo V21 5G,Vivo,"AMOLED,6.44"",Full HD+",Android 11,"Chính 64 MP & Phụ 8 MP, 2 MP",44 MP,MediaTek Dimensity 800U 5G,8 GB + 3 GB (Công nghệ mở rộng RAM),128 GB,2 Nano SIM,4000 mAh,9090000,3.3,136,https://www.thegioididong.com/dtdd/vivo-v21-5g?src=osp,Thế giới đi động
Điện thoại Samsung Galaxy A33 5G 6GB,Samsung,"Super AMOLED,6.4"",Full HD+",Android 12,"Chính 48 MP & Phụ 8 MP, 5 MP, 2 MP",13 MP,Exynos 1280 8 nhân,6 GB,128 GB,2 Nano SIM (SIM 2 chung khe thẻ nhớ),5000 mAh,8490000,4.3,7,https://www.thegioididong.com/dtdd/samsung-galaxy-a33?src=osp,Thế giới đi động
Điện thoại OPPO Reno5 5G,OPPO,"AMOLED,6.43"",Full HD+",Android 11,"Chính 64 MP & Phụ 8 MP, 2 MP, 2 MP",32 MP,Snapdragon 765G,8 GB,128 GB,2 Nano SIM,4300 mAh,8490000,3.5,89,https://www.thegioididong.com/dtdd/oppo-reno5-5g?src=osp,Thế giới đi động
Điện thoại Vivo V23e,Vivo,"AMOLED,6.44"",Full HD+",Android 11,"Chính 64 MP & Phụ 8 MP, 2 MP",50 MP,MediaTek Helio G96 8 nhân,8 GB,128 GB,2 Nano SIM (SIM 2 chung khe thẻ nhớ),4050 mAh,8490000,3.9,137,https://www.thegioididong.com/dtdd/vivo-v23e?src=osp,Thế giới đi động
Điện thoại Xiaomi Mi 11 Lite,Xiaomi,"AMOLED,6.55"",Full HD+",Android 11,"Chính 64 MP & Phụ 8 MP, 5 MP",16 MP,Snapdragon 732G,8 GB,128 GB,2 Nano SIM (SIM 2 chung khe thẻ nhớ),4250 mAh,7990000,3.2,872,https://www.thegioididong.com/dtdd/xiaomi-mi-11-lite-4g?src=osp,Thế giới đi động
Điện thoại Realme 9 Pro 5G,Realme,"IPS LCD,6.6"",Full HD+",Android 12,"Chính 64 MP & Phụ 8 MP, 2 MP",16 MP,Snapdragon 695 5G 8 nhân,8 GB,128 GB,2 Nano SIM (SIM 2 chung khe thẻ nhớ),5000 mAh,7990000,3.1,18,https://www.thegioididong.com/dtdd/realme-9-pro?src=osp,Thế giới đi động
Điện thoại OPPO Reno4 Pro,OPPO,"AMOLED,6.5"",Full HD+",Android 10,"Chính 48 MP & Phụ 8 MP, 2 MP, 2 MP",32 MP,Snapdragon 720G,8 GB,256 GB,2 Nano SIM,4000 mAh,7990000,4.1,143,https://www.thegioididong.com/dtdd/oppo-reno4-pro?src=osp,Thế giới đi động
Điện thoại Xiaomi Redmi Note 10 Pro (8GB/128GB),Xiaomi,"AMOLED,6.67"",Full HD+",Android 11,"Chính 108 MP & Phụ 8 MP, 5 MP, 2 MP",16 MP,Snapdragon 732G,8 GB,128 GB,2 Nano SIM,5020 mAh,7490000,3.1,770,https://www.thegioididong.com/dtdd/xiaomi-redmi-note-10-pro?src=osp,Thế giới đi động
Điện thoại Realme 8,Realme,"Super AMOLED,6.4"",Full HD+",Android 11,"Chính 64 MP & Phụ 8 MP, 2 MP, 2 MP",16 MP,MediaTek Helio G95,8 GB,128 GB,2 Nano SIM,5000 mAh,7290000,3.4,159,https://www.thegioididong.com/dtdd/realme-8?src=osp,Thế giới đi động
Điện thoại Vivo Y72 5G,Vivo,"IPS LCD,6.58"",Full HD+",Android 11,"Chính 64 MP & Phụ 8 MP, 2 MP",16 MP,MediaTek Dimensity 700,8 GB,128 GB,2 Nano SIM (SIM 2 chung khe thẻ nhớ),5000 mAh,7290000,3.4,89,https://www.thegioididong.com/dtdd/vivo-y72-5g?src=osp,Thế giới đi động
Điện thoại OPPO A74 5G,OPPO,"IPS LCD,6.5"",Full HD+",Android 11,"Chính 48 MP & Phụ 8 MP, 2 MP, 2 MP",16 MP,Snapdragon 480 8 nhân 5G,6 GB,128 GB,2 Nano SIM,5000 mAh,7190000,3.1,55,https://www.thegioididong.com/dtdd/oppo-a74-5g?src=osp,Thế giới đi động
Điện thoại Vivo V20 (2021),Vivo,"AMOLED,6.44"",Full HD+",Android 11,"Chính 64 MP & Phụ 8 MP, 2 MP",44 MP,Snapdragon 730,8 GB,128 GB,2 Nano SIM,4000 mAh,7090000,3.2,70,https://www.thegioididong.com/dtdd/vivo-v20-2021?src=osp,Thế giới đi động
Điện thoại Vivo Y33s,Vivo,"IPS LCD,6.58"",Full HD+",Android 11,"Chính 50 MP & Phụ 2 MP, 2 MP",16 MP,MediaTek Helio G80,8 GB,128 GB,2 Nano SIM,5000 mAh,6990000,4.1,32,https://www.thegioididong.com/dtdd/vivo-y33s?src=osp,Thế giới đi động
Điện thoại OPPO A95,OPPO,"AMOLED,6.43"",Full HD+",Android 11,"Chính 48 MP & Phụ 2 MP, 2 MP",16 MP,Snapdragon 662,8 GB,128 GB,2 Nano SIM,5000 mAh,6990000,4,263,https://www.thegioididong.com/dtdd/oppo-a95-4g?src=osp,Thế giới đi động
Điện thoại Vivo Y53s,Vivo,"IPS LCD,6.58"",Full HD+",Android 11,"Chính 64 MP & Phụ 2 MP, 2 MP",16 MP,MediaTek Helio G80,8 GB,128 GB,2 Nano SIM,5000 mAh,6990000,2.2,65,https://www.thegioididong.com/dtdd/vivo-y53s?src=osp,Thế giới đi động
Điện thoại Samsung Galaxy A32,Samsung,"Super AMOLED,6.4"",Full HD+",Android 11,"Chính 64 MP & Phụ 8 MP, 5MP, 5MP",20 MP,MediaTek Helio G80,6 GB,128 GB,2 Nano SIM,5000 mAh,6490000,3.1,743,https://www.thegioididong.com/dtdd/samsung-galaxy-a32-4g?src=osp,Thế giới đi động
Điện thoại OPPO A76,OPPO,"IPS LCD,6.56"",HD+",Android 11,Chính 13 MP & Phụ 2 MP,8 MP,Snapdragon 680 8 nhân,6 GB,128 GB,2 Nano SIM,5000 mAh,5990000,4.3,47,https://www.thegioididong.com/dtdd/oppo-a76-4g?src=osp,Thế giới đi động
Điện thoại Xiaomi Redmi Note 10S 6GB,Xiaomi,"AMOLED,6.43"",Full HD+",Android 11,"Chính 64 MP & Phụ 8 MP, 2 MP, 2 MP",13 MP,MediaTek Helio G95,6 GB,128 GB,2 Nano SIM,5000 mAh,5990000,4,121,https://www.thegioididong.com/dtdd/xiaomi-redmi-note-10s-6gb?src=osp,Thế giới đi động
Điện thoại Samsung Galaxy A22,Samsung,"Super AMOLED,6.4"",HD+",Android 11,"Chính 48 MP & Phụ 8 MP, 2 MP, 2 MP",13 MP,MediaTek MT6769V,6 GB,128 GB,2 Nano SIM,5000 mAh,5890000,3.4,333,https://www.thegioididong.com/dtdd/samsung-galaxy-a22-4g?src=osp,Thế giới đi động
Điện thoại Samsung Galaxy A23 4GB,Samsung,"PLS TFT LCD,6.6"",Full HD+",Android 12,"Chính 50 MP & Phụ 5 MP, 2 MP, 2 MP",8 MP,Snapdragon 680 8 nhân,4 GB,128 GB,2 Nano SIM,5000 mAh,5690000,3.8,39,https://www.thegioididong.com/dtdd/samsung-galaxy-a23?src=osp,Thế giới đi động
Điện thoại Realme C25s,Realme,"IPS LCD,6.5"",HD+",Android 11,"Chính 48 MP & Phụ 2 MP, 2 MP",8 MP,MediaTek Helio G85,4 GB,128 GB,2 Nano SIM,6000 mAh,4990000,3.8,47,https://www.thegioididong.com/dtdd/realme-c25s?src=osp,Thế giới đi động
Điện thoại Samsung Galaxy A13 4GB,Samsung,"PLS TFT LCD,6.6"",Full HD+",Android 12,"Chính 50 MP & Phụ 5 MP, 2 MP, 2 MP",8 MP,Exynos 850,4 GB,128 GB,2 Nano SIM,5000 mAh,4690000,3.6,32,https://www.thegioididong.com/dtdd/samsung-galaxy-a13-4g?src=osp,Thế giới đi động
Điện thoại Xiaomi Redmi Note 11 (4GB/64GB),Xiaomi,"AMOLED,6.43"",Full HD+",Android 11,"Chính 50  MP & Phụ 8 MP, 2 MP, 2 MP",13 MP,Snapdragon 680 8 nhân,4 GB,64 GB,2 Nano SIM,5000 mAh,4690000,4,270,https://www.thegioididong.com/dtdd/xiaomi-redmi-note-11-4gb-64gb?src=osp,Thế giới đi động
Điện thoại Realme C25Y 64GB,Realme,"IPS LCD,6.5"",HD+",Android 11,"Chính 50 MP & Phụ 2 MP, 2 MP",8 MP,Unisoc T618 8 nhân,4 GB,64 GB,2 Nano SIM,5000 mAh,4690000,2.3,10,https://www.thegioididong.com/dtdd/realme-c25y-64gb?src=osp,Thế giới đi động
Điện thoại OPPO A55,OPPO,"IPS LCD,6.5"",HD+",Android 11,"Chính 50 MP & Phụ 2 MP, 2 MP",16 MP,MediaTek Helio G35,4 GB,64 GB,2 Nano SIM,5000 mAh,4990000,3.6,270,https://www.thegioididong.com/dtdd/oppo-a55-4g?src=osp,Thế giới đi động
Điện thoại OPPO A15s,OPPO,"IPS LCD,6.52"",HD+",Android 10,"Chính 13 MP & Phụ 2 MP, 2 MP",8 MP,MediaTek Helio P35,4 GB,64 GB,2 Nano SIM,4230 mAh,4290000,2.9,139,https://www.thegioididong.com/dtdd/oppo-a15s?src=osp,Thế giới đi động
Điện thoại Xiaomi Redmi 10 (4GB/128GB),Xiaomi,"IPS LCD,6.5"",Full HD+",Android 11,"Chính 50  MP & Phụ 8 MP, 2 MP, 2 MP",8 MP,MediaTek Helio G88 8 nhân,4 GB,128 GB,2 Nano SIM,5000 mAh,4290000,3.7,212,https://www.thegioididong.com/dtdd/xiaomi-redmi-10-4gb-128gb?src=osp,Thế giới đi động
Điện thoại OPPO A16,OPPO,"IPS LCD,6.52"",HD+",Android 11,"Chính 13 MP & Phụ 2 MP, 2 MP",8 MP,MediaTek Helio G35,3 GB,32 GB,2 Nano SIM,5000 mAh,3990000,4.3,60,https://www.thegioididong.com/dtdd/oppo-a16?src=osp,Thế giới đi động
Điện thoại Nokia G21,Nokia,"TFT LCD,6.5"",HD+",Android 11,"Chính 50 MP & Phụ 2 MP, 2 MP",8 MP,Unisoc T606 8 nhân,4 GB,128 GB,2 Nano SIM,5050 mAh,3990000,4.2,9,https://www.thegioididong.com/dtdd/nokia-g21?src=osp,Thế giới đi động
Điện thoại Vivo Y21,Vivo,"IPS LCD,6.51"",HD+",Android 11,Chính 13 MP & Phụ 2 MP,8 MP,MediaTek Helio P35,4 GB,64 GB,2 Nano SIM,5000 mAh,3990000,3.3,174,https://www.thegioididong.com/dtdd/vivo-y21?src=osp,Thế giới đi động
Điện thoại Realme C21Y 3GB,Realme,"IPS LCD,6.5"",HD+",Android 11,"Chính 13 MP & Phụ 2 MP, 2 MP",5 MP,Spreadtrum T610 8 nhân,3 GB,32 GB,2 Nano SIM,5000 mAh,3690000,2.7,41,https://www.thegioididong.com/dtdd/realme-c21y-3gb?src=osp,Thế giới đi động
Điện thoại Nokia G10,Nokia,"TFT LCD,6.5"",HD+",Android 11,"Chính 13 MP & Phụ 2 MP, 2 MP",8 MP,MediaTek Helio G25,4 GB,64 GB,2 Nano SIM,5050 mAh,3690000,3.2,16,https://www.thegioididong.com/dtdd/nokia-g10?src=osp,Thế giới đi động
Điện thoại Realme C21-Y 3GB,Realme,"IPS LCD,6.5"",HD+",Android 11,"Chính 13 MP & Phụ 2 MP, 2 MP",5 MP,Spreadtrum T610 8 nhân,3 GB,32 GB,2 Nano SIM,5000 mAh,3690000,3.7,15,https://www.thegioididong.com/dtdd/realme-c21-y-3gb?src=osp,Thế giới đi động
Điện thoại Samsung Galaxy A03s,Samsung,"PLS LCD,6.5"",HD+",Android 11,"Chính 13 MP & Phụ 2 MP, 2 MP",5 MP,MediaTek MT6765,4 GB,64 GB,2 Nano SIM,5000 mAh,3690000,3.6,182,https://www.thegioididong.com/dtdd/samsung-galaxy-a03s?src=osp,Thế giới đi động
Điện thoại Xiaomi Redmi 10C 64GB,Xiaomi,"IPS LCD,6.71"",HD+",Android 11,Chính 50 MP & Phụ 2 MP,5 MP,Snapdragon 680 8 nhân,4 GB,64 GB,2 Nano SIM,5000 mAh,3490000,4.3,42,https://www.thegioididong.com/dtdd/xiaomi-redmi-10c?src=osp,Thế giới đi động
Điện thoại Samsung Galaxy A12 4GB (2021),Samsung,"PLS TFT LCD,6.5"",HD+",Android 11,"Chính 48 MP & Phụ 5 MP, 2 MP, 2 MP",8 MP,Exynos 850,4 GB,128 GB,2 Nano SIM,5000 mAh,3490000,4,262,https://www.thegioididong.com/dtdd/samsung-galaxy-a12-2021?src=osp,Thế giới đi động
iPhone 13 Pro Max 128GB,iPhone,"6.7 inch, OLED, Super Retina XDR, 2778 x 1284 Pixels",iOS 15,12.0 MP + 12.0 MP + 12.0 MP ,12.0 MP ,Apple A15 Bionic,6 GB,128 GB,"1 - 1 eSIM, 1 Nano SIM ",4352 mAh,30490000,4,16,https://fptshop.com.vn/dien-thoai/iphone-13-pro-max?dung-luong=128gb,Cửa hàng FPT
OPPO Reno7 Z 5G 8GB - 128GB,OPPO,"Chính: 6.43 inch, Chính: AMOLED, FHD+, 1080 x 2400 Pixels",Android 11 (ColorOS 12),64.0 MP + 2.0 MP + 2.0 MP ,16.0 MP ,Snapdragon 695 5G,8 GB,128 GB,2 - 2 Nano SIM ,4500 mAh,9990000,5,1,https://fptshop.com.vn/dien-thoai/oppo-reno7-z,Cửa hàng FPT
Samsung Galaxy S22 Ultra 5G 128GB,Samsung,"6.8 inch, Dynamic AMOLED 2X, QHD+, 1440 x 3088 Pixels",Việt Nam ,108.0 MP + 12.0 MP + 10.0 MP + 10.0 MP ,40.0 MP ,Snapdragon 8 Gen 1,8 GB,128 GB,Android 12,"2 - 2 Nano SIM hoặc 1 eSIM, 1 Nano SIM ",30990000,5,1,https://fptshop.com.vn/dien-thoai/samsung-galaxy-s22-ultra?dung-luong=128-gb,Cửa hàng FPT
iPhone 11 64GB,iPhone,"6.1 inch, IPS LCD, Liquid Retina HD, 828 x 1792 Pixels",iOS 14,12.0 MP + 12.0 MP ,12.0 MP ,Apple A13 Bionic,4 GB,64 GB,"2 - 1 eSIM, 1 Nano SIM ",3110 mAh,12499000,3,166,https://fptshop.com.vn/dien-thoai/iphone-11-64gb,Cửa hàng FPT
Xiaomi 11 Lite 5G NE 8GB - 256GB,Xiaomi,"6.55 inch, AMOLED, FHD+, 1080 x 2400 Pixels",Android 11,64.0 MP + 8.0 MP + 5.0 MP ,20.0 MP ,Snapdragon 778G,8 GB,256 GB,2 - 1 Nano SIM ,4250 mAh,7990000,4,9,https://fptshop.com.vn/dien-thoai/xiaomi-11-lite-5g-ne?dung-luong=8gb-256gb,Cửa hàng FPT
Xiaomi Redmi Note 11S 6GB - 128GB,Xiaomi,"6.43 inch, AMOLED, FHD+, 1080 x 2400 Pixels",Android 11,108.0 MP + 8.0 MP + 2.0 MP + 2.0 MP ,16.0 MP ,MediaTek Helio G96,6 GB,128 GB,2 - 2 Nano SIM ,5000 mAh,5390000,5,4,https://fptshop.com.vn/dien-thoai/xiaomi-redmi-note-11s?dung-luong=6gb-128gb,Cửa hàng FPT
iPhone 12 64GB,iPhone,"6.1 inch, OLED, Super Retina XDR, 2532 x 1170 Pixels",Trung Quốc ,12.0 MP + 12.0 MP ,12.0 MP ,Apple A14 Bionic,4 GB,64 GB,iOS 14,"2 - 1 eSIM, 1 Nano SIM ",17499000,4,40,https://fptshop.com.vn/dien-thoai/iphone-12?dung-luong=64gb,Cửa hàng FPT
Samsung Galaxy Z Fold3 5G 256GB,Samsung,"Phụ: 6.2 inch, Chính: 7.6 inch, Dynamic AMOLED 2X, HD+, 1768 x 2208 Pixels",Trung Quốc / Việt Nam ,12.0 MP + 12.0 MP + 12.0 MP ,10.0 MP ,Snapdragon 888,12 GB,256 GB,Android 11,"2 - 2 Nano SIM hoặc 1 eSIM, 1 Nano SIM ",33990000,5,2,https://fptshop.com.vn/dien-thoai/samsung-galaxy-z-fold3?dung-luong=256-gb,Cửa hàng FPT
Samsung Galaxy Z Flip3 5G 128GB,Samsung,"Chính: 6.7 inch, Chính: Dynamic AMOLED, FHD+, 1080 x 2636 Pixels",Trung Quốc / Việt Nam ,12.0 MP + 12.0 MP ,10.0 MP ,Snapdragon 888,8 GB,128 GB,Android 11,"1 - 1 eSIM, 1 Nano SIM ",18990000,5,1,https://fptshop.com.vn/dien-thoai/samsung-galaxy-z-flip-3?dung-luong=128-gb,Cửa hàng FPT
Xiaomi 11T Pro 5G 12GB - 256GB,Xiaomi,"6.67 inch, AMOLED, FHD+, 1080 x 2400 Pixels",Trung Quốc ,108.0 MP + 8.0 MP + 5.0 MP ,16.0 MP ,Snapdragon 888,12 GB,256 GB,Android 11,2 - 1 Nano SIM ,12990000,3,2,https://fptshop.com.vn/dien-thoai/xiaomi-11t-pro,Cửa hàng FPT
Samsung Galaxy Note 20 Ultra,Samsung,"6.9 inch, Dynamic AMOLED 2X, 2K+, 1440 x 3088 Pixels",Android 10,108.0 MP + 12.0 MP + 12.0 MP ,10.0 MP ,Exynos 990,8 GB,256 GB,"2 - 2 Nano SIM hoặc 1 eSIM, 1 Nano SIM ",4500 mAh,17490000,3,44,https://fptshop.com.vn/dien-thoai/samsung-galaxy-note-20-ultra,Cửa hàng FPT
Vivo Y21 4GB+1GB - 64GB,Vivo,"6.51 inch, IPS LCD, HD+, 720 x 1600 Pixels",Android 11,13.0 MP + 2.0 MP ,8.0 MP ,Helio P35,4 GB + 1 GB,64 GB,2 - 2 Nano SIM ,5000 mAh,3990000,5,1,https://fptshop.com.vn/dien-thoai/vivo-y21,Cửa hàng FPT
Vivo Y15s 3GB - 32GB,Vivo,"6.51 inch, IPS LCD, HD+, 720 x 1600 Pixels",Android 11,13.0 MP + 2.0 MP ,8.0 MP ,Helio P35,3 GB,32 GB,2 - 2 Nano SIM ,5000 mAh,3190000,5,1,https://fptshop.com.vn/dien-thoai/vivo-y15s,Cửa hàng FPT
Samsung Galaxy A22 5G,Samsung,"6.6 inch, TFT LCD, FHD+, 1080 x 2400 Pixels",Android 11,48.0 MP + 5.0 MP + 2.0 MP ,8.0 MP ,MediaTek Dimensity 700,6 GB,128 GB,2 - 2 Nano SIM ,5000 mAh,5490000,3,9,https://fptshop.com.vn/dien-thoai/samsung-galaxy-a22?ho-tro-mang=5g,Cửa hàng FPT
TECNO POVA 2 4GB-64GB,TECNO,"6.9 inch, IPS LCD, FHD+, 1080 x 2460 Pixels",Android 11,48.0 MP + 2.0 MP + 2.0 MP + 2.0 MP ,8.0 MP ,Helio G85,4 GB,64 GB,2 - 2 Nano SIM ,7000 mAh,3290000,3,5,https://fptshop.com.vn/dien-thoai/tecno-pova2?dung-luong=64gb,Cửa hàng FPT
TECNO POP 5 2GB-32GB,TECNO,"6.5 inch, IPS LCD, HD+, 720 x 1600 Pixels",Trung Quốc ,8.0 MP ,5.0 MP ,Spreadtrum SC9863A,2 GB,32 MB,Android 11,2 - 2 Nano SIM ,2390000,5,1,https://fptshop.com.vn/dien-thoai/tecno-pop-5,Cửa hàng FPT
Realme C35 4GB-128GB,Realme,"Chính: 6.58 inch, Chính: IPS LCD, FHD+, 1080 x 2408 Pixels",Trung Quốc ,50.0 MP + 2.0 MP + 2.0 MP ,8.0 MP ,Unisoc T616,4 GB,128 GB,Android 11,2 - 2 Nano SIM ,4690000,5,1,https://fptshop.com.vn/dien-thoai/realme-c35,Cửa hàng FPT
Nokia C30 3GB-32GB,Nokia,"6.82 inch, IPS LCD, HD+, 720 x 1600 Pixels",Trung Quốc ,13.0 MP ,5.0 MP ,Spreadtrum SC9863A,3 GB,32 GB,Android 11,2 - 2 Nano SIM ,2790000,5,5,https://fptshop.com.vn/dien-thoai/nokia-c30,Cửa hàng FPT
Vivo V23e 8GB - 128GB,Vivo,"6.44 inch, AMOLED, FHD+, 1080 x 2400 Pixels",Android 11,64.0 MP + 8.0 MP + 2.0 MP ,50.0 MP ,MediaTek Helio G96,8 GB + 4 GB,128 GB,2 - 2 Nano SIM ,4050 mAh,7790000,5,2,https://fptshop.com.vn/dien-thoai/vivo-v23e,Cửa hàng FPT
Samsung Galaxy A12 4GB-128GB,Samsung,"6.5 inch, TFT LCD, HD+, 720 x 1600 Pixels",Việt Nam / Trung Quốc ,48.0 MP + 5.0 MP + 2.0 MP + 2.0 MP ,8.0 MP ,Helio G35/Exynos 850,4 GB,128 GB,Android 11,2 - 2 Nano SIM ,3490000,3,11,https://fptshop.com.vn/dien-thoai/samsung-galaxy-a12,Cửa hàng FPT
Xiaomi Redmi 9A 2GB-32GB,Xiaomi,"6.53 inch, IPS LCD, HD+, 720 x 1600 Pixels",Android 10,13.0 MP ,5.0 MP ,Helio G25,2 GB,32 GB,2 - 2 Nano SIM ,5000 mAh,2390000,4,39,https://fptshop.com.vn/dien-thoai/xiaomi-redmi-9a-2gb-32gb,Cửa hàng FPT
Xiaomi Redmi 10C 4GB - 128GB,Xiaomi,"6.71 inch, IPS, HD+, 720 x 1560 Pixels",Android 11,50.0 MP + 2.0 MP ,5.0 MP ,Snapdragon 680,4 GB,128 GB,2 - 2 Nano SIM ,5000 mAh,3790000,5,1,https://fptshop.com.vn/dien-thoai/xiaomi-redmi-10c,Cửa hàng FPT
Xiaomi Redmi Note 11 Pro 8GB - 128GB,Xiaomi,"6.67 inch, AMOLED, FHD+, 1080 x 2400 Pixels",Trung Quốc ,108.0 MP + 8.0 MP + 2.0 MP + 2.0 MP ,16.0 MP ,Mali-G57 MC2,8 GB,MediaTek Helio G96,Android 11,2 - 1 Nano SIM ,6990000,2,3,https://fptshop.com.vn/dien-thoai/xiaomi-redmi-note-11-pro?ho-tro-mang=4g,Cửa hàng FPT
Xiaomi 11T 8GB - 128GB,Xiaomi,"6.67 inch, AMOLED, FHD+, 1080 x 2400 Pixels",Trung Quốc ,108.0 MP + 8.0 MP + 5.0 MP ,16.0 MP ,MediaTek Dimensity 1200U,8 GB,128 GB,Android 11,2 - 1 Nano SIM ,8990000,5,9,https://fptshop.com.vn/dien-thoai/xiaomi-11t,Cửa hàng FPT
OPPO A95 8GB-128GB,OPPO,"6.43 inch, AMOLED, FHD+, 1080 x 2400 Pixels",Android 11,48.0 MP + 2.0 MP + 2.0 MP ,16.0 MP ,Snapdragon 662,8 GB,128 GB,2 - 2 Nano SIM ,5000 mAh,6990000,5,1,https://fptshop.com.vn/dien-thoai/oppo-a95,Cửa hàng FPT
OPPO A76 6GB-128GB,OPPO,"6.56 inch, IPS LCD, HD+, 720 x 1612 Pixels",Android 11,13.0 MP + 2.0 MP ,8.0 MP ,Snapdragon 680,6 GB,128 GB,2 - 2 Nano SIM ,5000 mAh,5990000,5,2,https://fptshop.com.vn/dien-thoai/oppo-a76,Cửa hàng FPT
OPPO A55 4GB-64GB,OPPO,"6.5 inch, IPS LCD, HD+, 720 x 1600 Pixels",Android 11,50.0 MP + 2.0 MP + 2.0 MP ,16.0 MP ,Helio G35,4 GB,64 GB,2 - 2 Nano SIM ,5000 mAh,4490000,5,1,https://fptshop.com.vn/dien-thoai/oppo-a55,Cửa hàng FPT
OPPO A16k 3GB-32GB,OPPO,"6.52 inch, IPS LCD, HD+, 720 x 1600 Pixels",Android 11,13.0 MP ,5.0 MP ,Helio G35,3 GB,32 GB,2 - 2 Nano SIM ,4230 mAh,3290000,5,1,https://fptshop.com.vn/dien-thoai/oppo-a16k,Cửa hàng FPT
iPhone 13 Pro 128GB,iPhone,"6.1 inch, OLED, Super Retina XDR, 2532 x 1170 Pixels",iOS 15,12.0 MP + 12.0 MP + 12.0 MP ,12.0 MP ,Apple A15 Bionic,6 GB,128 GB,"1 - 1 eSIM, 1 Nano SIM ",3095 mAh,27490000,5,3,https://fptshop.com.vn/dien-thoai/iphone-13-pro?dung-luong=128gb,Cửa hàng FPT
Xiaomi 12 Pro 12GB - 256GB,Xiaomi,"6.73 inch, AMOLED, FHD+, 1440 x 3200 Pixels",Android 12,50.0 MP + 50.0 MP + 50.0 MP ,32.0 MP ,Snapdragon 8 Gen 1,12 GB,256 GB,2 - 2 Nano SIM ,4600 mAh,26990000,5,1,https://fptshop.com.vn/dien-thoai/xiaomi-12-pro,Cửa hàng FPT
Samsung Galaxy S22 Plus 5G 128GB,Samsung,"6.6 inch, Dynamic AMOLED 2X, FHD+, 1080 x 2340 Pixels",Trung Quốc / Việt Nam ,50.0 MP + 12.0 MP + 10.0 MP ,10.0 MP ,Snapdragon 8 Gen 1,8 GB,128 GB,Android 12,"2 - 2 Nano SIM hoặc 1 eSIM, 1 Nano SIM ",25990000,5,1,https://fptshop.com.vn/dien-thoai/samsung-galaxy-s22-plus?dung-luong=128-gb,Cửa hàng FPT
Samsung Galaxy S22 5G 128GB,Samsung,"6.1 inch, Dynamic AMOLED 2X, FHD+, 1080 x 2340 Pixels",22-Mar,50.0 MP + 12.0 MP + 10.0 MP ,10.0 MP ,3700 mAh,8 GB,128 GB,Việt Nam / Trung Quốc ,Android 12,21990000,5,1,https://fptshop.com.vn/dien-thoai/samsung-galaxy-s22?dung-luong=128-gb,Cửa hàng FPT
iPhone 13 128GB,iPhone,"6.1 inch, OLED, Super Retina XDR, 2532 x 1170 Pixels",iOS 15,12.0 MP + 12.0 MP ,12.0 MP ,Apple A15 Bionic,4 GB,128 GB,"1 - 1 eSIM, 1 Nano SIM ",3225 mAh,21490000,3,4,https://fptshop.com.vn/dien-thoai/iphone-13?dung-luong=128gb,Cửa hàng FPT
Samsung Galaxy S21 Ultra 128GB,Samsung,"6.8 inch, Dynamic AMOLED 2X, WQHD+, 1440 x 3200 Pixels",Android 11,108.0 MP + 10.0 MP + 12.0 MP + 10.0 MP ,40.0 MP ,Exynos 2100,12 GB,128 GB,"2 - 2 Nano SIM hoặc 1 eSIM, 1 Nano SIM ",5000 mAh,20990000,5,1,https://fptshop.com.vn/dien-thoai/samsung-galaxy-s21-ultra?dung-luong=128gb,Cửa hàng FPT
OPPO Find X3 Pro 5G,OPPO,"6.7 inch, AMOLED, QHD+, 1440 x 3216 Pixels",Android 11,50.0 MP + 50.0 MP + 13.0 MP + 3.0 MP ,32.0 MP ,Snapdragon 888,12 GB,256 GB,2 - 2 Nano SIM ,4500 mAh,19990000,5,2,https://fptshop.com.vn/dien-thoai/oppo-find-x3-pro,Cửa hàng FPT
Xiaomi 12 8GB - 256GB,Xiaomi,"6.28 inch, AMOLED, FHD+, 1080 x 2400 Pixels",Android 12,50.0 MP + 13.0 MP + 5.0 MP ,32.0 MP ,Snapdragon 8 Gen 1,8 GB,256 GB,2 - 2 Nano SIM ,4500 mAh,18990000,5,1,https://fptshop.com.vn/dien-thoai/xiaomi-12,Cửa hàng FPT
iPhone 13 mini 128GB,iPhone,"5.4 inch, OLED, Super Retina XDR, 1080 x 2340 Pixels",iOS 15,12.0 MP + 12.0 MP ,12.0 MP ,Apple A15 Bionic,4 GB,128 GB,"1 - 1 eSIM, 1 Nano SIM ",2406 mAh,18490000,5,1,https://fptshop.com.vn/dien-thoai/iphone-13-mini?dung-luong=128gb,Cửa hàng FPT
Samsung Galaxy S21+ 128GB,Samsung,"6.7 inch, Dynamic AMOLED 2X, FHD+, 1080 x 2400 Pixels",Android 11,12.0 MP + 12.0 MP + 64.0 MP ,10.0 MP ,Exynos 2100,8 GB,128 GB,"2 - 2 Nano SIM hoặc 1 eSIM, 1 Nano SIM ",4800 mAh,15990000,5,2,https://fptshop.com.vn/dien-thoai/samsung-galaxy-s21-plus?dung-luong=128gb,Cửa hàng FPT
Samsung Galaxy S21 FE 5G 8GB - 128GB,Samsung,"6.4 inch, Dynamic AMOLED 2X, FHD+, 1080 x 2340 Pixels",Trung Quốc / Việt Nam ,12.0 MP + 12.0 MP + 8.0 MP ,32.0 MP ,Exynos 2100,8 GB,128 GB,Android 12,2 - 2 Nano SIM ,12990000,5,2,https://fptshop.com.vn/dien-thoai/samsung-galaxy-s21-fe?dung-luong=128gb,Cửa hàng FPT
Samsung Galaxy Z Flip,Samsung,"6.7 inch, Chính: Dynamic AMOLED, FHD+, 1080 x 2636 Pixels",Android 10,12.0 MP + 12.0 MP ,10.0 MP ,Snapdragon 855+,8 GB,256 GB,"2 - 1 eSIM, 1 Nano SIM ",3300 mAh,12990000,4,43,https://fptshop.com.vn/dien-thoai/samsung-galaxy-z-flip,Cửa hàng FPT
Samsung Galaxy S21 FE 5G 6GB - 128GB,Samsung,"6.4 inch, Dynamic AMOLED 2X, FHD+, 1080 x 2340 Pixels",Trung Quốc / Việt Nam ,12.0 MP + 12.0 MP + 8.0 MP ,32.0 MP ,Exynos 2100,6 GB,128 GB,Android 12,2 - 2 Nano SIM ,12490000,4,2,https://fptshop.com.vn/dien-thoai/samsung-galaxy-s21-fe-5g-ram-6gb,Cửa hàng FPT
Vivo V23 5G,Vivo,"6.44 inch, AMOLED, FHD+, 1080 x 2400 Pixels",Android 12,64.0 MP + 8.0 MP + 2.0 MP ,50.0 MP + 8.0 MP ,MediaTek Dimensity 920,8 GB + 4 GB,128 GB,2 - 2 Nano SIM ,4200 mAh,12490000,5,1,https://fptshop.com.vn/dien-thoai/vivo-v23,Cửa hàng FPT
Samsung Galaxy A73 5G,Samsung,"6.7 inch, Super AMOLED, FHD+, 1080 x 2400 Pixels",Android 12,108.0 MP + 12.0 MP + 5.0 MP + 5.0 MP ,32.0 MP ,Snapdragon 778G,8 GB,128 GB,2 - 2 Nano SIM ,5000 mAh,11990000,5,1,https://fptshop.com.vn/dien-thoai/samsung-galaxy-a73,Cửa hàng FPT
Samsung Galaxy S20 FE 256GB,Samsung,"6.5 inch, Super AMOLED, FHD+, 1080 x 2400 Pixels",Android 10,12.0 MP + 12.0 MP + 8.0 MP ,32.0 MP ,Snapdragon 865,8 GB,256 GB,2 - 2 Nano SIM ,4500 mAh,11490000,3,6,https://fptshop.com.vn/dien-thoai/samsung-galaxy-s20-fe-256gb,Cửa hàng FPT
Oppo Reno6 5G,Oppo,"6.43 inch, AMOLED, FHD+, 1080 x 2400 Pixels",Android 11,64.0 MP + 8.0 MP + 2.0 MP ,32.0 MP ,MediaTek Dimensity 900 5G,8 GB,128 GB,2 - 2 Nano SIM ,4300 mAh,11490000,5,2,https://fptshop.com.vn/dien-thoai/oppo-reno6,Cửa hàng FPT
Samsung Galaxy A53 5G 256GB,Samsung,"6.5 inch, Super AMOLED, FHD+, 1080 x 2400 Pixels",Trung Quốc / Việt Nam ,64.0 MP + 12.0 MP + 5.0 MP + 5.0 MP ,32.0 MP ,Exynos 1280,8 GB,256 GB,Android 12,2 - 2 Nano SIM ,9990000,3,2,https://fptshop.com.vn/dien-thoai/samsung-galaxy-a53?dung-luong=256-gb,Cửa hàng FPT
Samsung Galaxy A52s 5G,Samsung,"6.5 inch, Super AMOLED, FHD+, 1080 x 2400 Pixels",Android 11,64.0 MP + 12.0 MP + 5.0 MP + 5.0 MP ,32.0 MP ,Snapdragon 778G,8 GB,128 GB,2 - 2 Nano SIM ,4500 mAh,8490000,3,9,https://fptshop.com.vn/dien-thoai/samsung-galaxy-a52s-5g,Cửa hàng FPT
OPPO Reno6 Z 5G,OPPO,"6.43 inch, AMOLED, FHD+, 1080 x 2400 Pixels",Trung Quốc ,64.0 MP + 8.0 MP + 2.0 MP ,32.0 MP ,MediaTek Dimensity 800U,8 GB,128 GB,Android 11,2 - 2 Nano SIM ,7990000,3,5,https://fptshop.com.vn/dien-thoai/oppo-reno6-z,Cửa hàng FPT
Samsung Galaxy A33 5G,Samsung,"Chính: 6.4 inch, Super AMOLED, FHD+, 1080 x 2400 Pixels",2022,48.0 MP + 8.0 MP + 5.0 MP + 2.0 MP ,13.0 MP ,Exynos 1280,6 GB,128 GB,Trung Quốc / Việt Nam ,2 - 2 Nano SIM ,7790000,5,1,https://fptshop.com.vn/dien-thoai/samsung-galaxy-a33,Cửa hàng FPT
Samsung Galaxy A52,Samsung,"6.5 inch, Super AMOLED, FHD+, 1080 x 2400 Pixels",Android 11,64.0 MP + 12.0 MP + 5.0 MP + 5.0 MP ,32.0 MP ,Snapdragon 720G,8 GB,128 GB,2 - 2 Nano SIM ,4500 mAh,7790000,3,5,https://fptshop.com.vn/dien-thoai/samsung-galaxy-a52,Cửa hàng FPT
Samsung Galaxy M52 5G,Samsung,"6.7 inch, Super AMOLED Plus, FHD+, 1080 x 2400 Pixels",Android 11,64.0 MP + 12.0 MP + 5.0 MP ,32.0 MP ,Snapdragon 778G,8 GB + 4 GB,128 GB,2 - 2 Nano SIM ,5000 mAh,7690000,5,2,https://fptshop.com.vn/dien-thoai/samsung-galaxy-m52,Cửa hàng FPT
Realme 9 Pro 5G 8G-128GB,Realme,"6.6 inch, IPS LCD, HD+, 1080 x 2412 Pixels",Android 12,64.0 MP + 8.0 MP + 2.0 MP ,16.0 MP ,Snapdragon 695 5G,8 GB,128 GB,2 - 2 Nano SIM ,5000 mAh,7490000,5,1,https://fptshop.com.vn/dien-thoai/realme-9-pro,Cửa hàng FPT
Vivo Y33s 8GB - 128GB,Vivo,"6.58 inch, IPS LCD, FHD+, 2408 x 1080 Pixels",Android 11,50.0 MP + 2.0 MP + 2.0 MP ,16.0 MP ,MediaTek Helio G81,8 GB,128 GB,2 - 2 Nano SIM ,5000 mAh,6490000,5,1,https://fptshop.com.vn/dien-thoai/vivo-y33s,Cửa hàng FPT
Samsung Galaxy A32,Samsung,"6.4 inch, Super AMOLED, FHD+, 1080 x 2400 Pixels",Android 11,64.0 MP + 8.0 MP + 5.0 MP ,20.0 MP ,Helio G80,6 GB,128 GB,2 - 2 Nano SIM ,5000 mAh,6090000,2,6,https://fptshop.com.vn/dien-thoai/samsung-galaxy-a32,Cửa hàng FPT
OPPO A94 8GB-128GB,OPPO,"6.43 inch, AMOLED, FHD+, 1080 x 2400 Pixels",Android 11,48.0 MP + 8.0 MP + 2.0 MP + 2.0 MP ,32.0 MP ,Helio P95,8 GB,128 GB,2 - 2 Nano SIM ,4310 mAh,5990000,5,1,https://fptshop.com.vn/dien-thoai/oppo-a94,Cửa hàng FPT
Vivo Y53s 8GB+3GB - 128GB,Vivo,"6.58 inch, IPS LCD, FHD+, 2408 x 1080 Pixels",Android 11,64.0 MP + 2.0 MP + 2.0 MP ,16.0 MP ,Helio G80,8 GB + 3 GB,128 GB,2 - 2 Nano SIM ,5000 mAh,5790000,4,2,https://fptshop.com.vn/dien-thoai/vivo-y53s,Cửa hàng FPT
Xiaomi Redmi Note 10S 8GB-128GB,Xiaomi,"6.43 inch, AMOLED, FHD+, 1080 x 2400 Pixels",Android 11,64.0 MP + 8.0 MP + 2.0 MP + 2.0 MP ,13.0 MP ,MediaTek Helio G95,8 GB,128 GB,2 - 1 Nano SIM ,5000 mAh,5290000,3,3,https://fptshop.com.vn/dien-thoai/xiaomi-redmi-note-10s,Cửa hàng FPT
Vivo Y21s 4GB+1GB - 128GB,Vivo,"6.51 inch, IPS LCD, HD+, 720 x 1600 Pixels",Android 11,50.0 MP + 2.0 MP + 2.0 MP ,8.0 MP ,Helio G80,4 GB + 1 GB,128 GB,2 - 2 Nano SIM ,5000 mAh,4790000,5,1,https://fptshop.com.vn/dien-thoai/vivo-y21s?ram=4gb,Cửa hàng FPT
Xiaomi Redmi Note 11 4GB - 64GB,Xiaomi,"6.43 inch, AMOLED, FHD+, 1080 x 2400 Pixels",Android 11,50.0 MP + 8.0 MP + 2.0 MP + 2.0 MP ,13.0 MP ,Snapdragon 680,4 GB,64 GB,2 - 2 Nano SIM ,5000 mAh,4390000,5,1,https://fptshop.com.vn/dien-thoai/xiaomi-redmi-note-11-4g?dung-luong=64gb,Cửa hàng FPT
Samsung Galaxy A13,Samsung,"6.6 inch, TFT LCD, FHD+, 1200 x 2408 Pixels",2022,50.0 MP + 5.0 MP + 2.0 MP + 2.0 MP ,8.0 MP ,Exynos 850,4 GB,128 GB,Việt Nam / Trung Quốc ,2 - 2 Nano SIM ,4390000,5,1,https://fptshop.com.vn/dien-thoai/samsung-galaxy-a13,Cửa hàng FPT
Xiaomi Redmi 10 4GB-128GB,Xiaomi,"6.5 inch, IPS LCD, FHD+, 1080 x 2400 Pixels",Android 11,50.0 MP + 8.0 MP + 2.0 MP + 2.0 MP ,8.0 MP ,MediaTek Helio G88,4 GB,128 GB,2 - 1 Nano SIM ,5000 mAh,4290000,4,5,https://fptshop.com.vn/dien-thoai/xiaomi-redmi-10?dung-luong=128-gb,Cửa hàng FPT
OPPO A16 3GB-32GB,OPPO,"6.52 inch, IPS LCD, HD+, 720 x 1600 Pixels",Android 11,13.0 MP + 2.0 MP + 2.0 MP ,8.0 MP ,Mediatek Helio G35,3 GB,32 GB,2 - 2 Nano SIM ,5000 mAh,3990000,5,1,https://fptshop.com.vn/dien-thoai/oppo-a16,Cửa hàng FPT
Realme C25y 4GB-128GB,Realme,"6.5 inch, IPS LCD, HD+, 720 x 1600 Pixels",Android 11,50.0 MP + 2.0 MP + 2.0 MP ,8.0 MP ,Unisoc T618,4 GB,128 GB,2 - 2 Nano SIM ,5000 mAh,3590000,5,1,https://fptshop.com.vn/dien-thoai/realme-c25y,Cửa hàng FPT
Samsung Galaxy A03s,Samsung,"6.5 inch, TFT LCD, HD+, 720 x 1600 Pixels",Android 11,13.0 MP + 2.0 MP + 2.0 MP ,5.0 MP ,MediaTek MT6765,4 GB,64 GB,2 - 2 Nano SIM ,5000 mAh,3290000,4,5,https://fptshop.com.vn/dien-thoai/samsung-galaxy-a03s,Cửa hàng FPT
Xiaomi Redmi 9C 4GB-128GB,Xiaomi,"6.53 inch, IPS LCD, HD+, 720 x 1600 Pixels",Trung Quốc ,13.0 MP + 2.0 MP + 2.0 MP ,5.0 MP ,Mediatek Helio G35,4 GB,128 GB,Android 10,2 - 1 Nano SIM ,3290000,5,1,https://fptshop.com.vn/dien-thoai/xiaomi-redmi-9c-4gb-128gb,Cửa hàng FPT
Nokia G10 4GB-64GB,Nokia,"6.52 inch, IPS LCD, HD+, 720 x 1600 Pixels",Android 11,13.0 MP + 2.0 MP + 2.0 MP ,8.0 MP ,SCT310,4 GB,64 GB,2 - 2 Nano SIM ,5050 mAh,3190000,5,1,https://fptshop.com.vn/dien-thoai/nokia-g10,Cửa hàng FPT
Samsung Galaxy A03,Samsung,"6.5 inch, PLS LCD, HD+, 720 x 1600 Pixels",Android 11,48.0 MP + 2.0 MP ,5.0 MP ,Unisoc T606,3 GB,32 GB,2 - 2 Nano SIM ,5000 mAh,2890000,5,1,https://fptshop.com.vn/dien-thoai/samsung-galaxy-a03,Cửa hàng FPT
Realme C21y 3GB - 32GB,Realme,"6.5 inch, IPS LCD, HD+, 720 x 1600 Pixels",Android 11,13.0 MP + 2.0 MP + 2.0 MP ,5.0 MP ,Unisoc T610,3 GB,32 GB,2 - 2 Nano SIM ,5000 mAh,2690000,5,1,https://fptshop.com.vn/dien-thoai/realme-c21y?dung-luong=32gb,Cửa hàng FPT
TECNO SPARK 7 2GB-32GB,TECNO,"6.5 inch, IPS LCD, HD+, 720 x 1600 Pixels",Android 11,16.0 MP + 2.0 MP ,8.0 MP ,MediaTek Helio A25,2 GB,32 GB,2 - 2 Nano SIM ,6000 mAh,2590000,5,5,https://fptshop.com.vn/dien-thoai/tecno-spark-7,Cửa hàng FPT
Realme C11 2021 2GB - 32GB,Realme,"6.5 inch, IPS LCD, HD+, 720 x 1600 Pixels",Android 10,8.0 MP ,5.0 MP ,Spreadtrum SC9863A,2 GB,32 GB,2 - 2 Nano SIM ,5000 mAh,2490000,5,1,https://fptshop.com.vn/dien-thoai/realme-c11-2021?dung-luong=2gb-32gb,Cửa hàng FPT
TECNO SPARK 7T 4GB-64GB,TECNO,"6.52 inch, IPS LCD, HD+, 720 x 1600 Pixels",Android 11,48.0 MP + 48.0 MP ,8.0 MP ,Mediatek Helio G35,4 GB,64 GB,2,6000 mAh,2290000,5,6,https://fptshop.com.vn/dien-thoai/tecno-spark-7t,Cửa hàng FPT
Nokia C20 2GB - 32GB,Nokia,"6.5 inch, IPS LCD, HD+, 720 x 1600 Pixels",Android 11,5.0 MP ,5.0 MP ,Spreadtrum SC9863A,2 GB,32 GB,2 - 2 Nano SIM ,2990 mAh,2190000,5,1,https://fptshop.com.vn/dien-thoai/nokia-c20,Cửa hàng FPT
Nokia 110 DS 4G,Nokia,"1.8 inch, TFT LCD, QQVGA",  06/2021,0.08 MP ,48 MB,1020 mAh,128 MB,Unisoc T107,Trung Quốc ,Nokia S30+,850000,5,1,https://fptshop.com.vn/dien-thoai/nokia-110-4g,Cửa hàng FPT
iPhone 13 Pro Max 128GB | Chính hãng VN/A,iPhone,iOS15,iOS15,"Camera góc rộng: 12MP, ƒ/1.5  Camera góc siêu rộng: 12MP, ƒ/1.8  Camera tele : 12MP, /2.8","12MP, ƒ/2.2",Apple A15,6 GB,128 GB,2 SIM (nano‑SIM và eSIM),"4,325mAh",29800000,4.6,26,https://cellphones.com.vn/iphone-13-pro-max.html,Cellphones
iPhone 11 64GB I Chính hãng VN/A,iPhone,iOS 13 hoặc cao hơn (Tùy vào phiên bản phát hành),iOS 13 hoặc cao hơn (Tùy vào phiên bản phát hành),Camera kép 12MP:- Camera góc rộng: ƒ/1.8 aperture- Camera siêu rộng: ƒ/2.4 aperture ,"12 MP, ƒ/2.2 aperture",A13 Bionic,4 GB,64 GB,Nano-SIM + eSIM,3110 mAh,11790000,4.9,66,https://cellphones.com.vn/iphone-11.html,Cellphones
iPhone 12 Pro Max 128GB I Chính hãng VN/A,iPhone,iOS 14.1 hoặc cao hơn (Tùy vào phiên bản phát hành),iOS 14.1 hoặc cao hơn (Tùy vào phiên bản phát hành),"Camera chính: 12 MP, f/1.6, 26mm, 1.4µm, dual pixel PDAF, OIS Camera tele: 12 MP, f/2.0, 52mm, 1/3.4"", 1.0µm, PDAF, OIS, 2x optical zoom Camera góc siêu rộng: 12 MP, f/2.4, 120˚, 13mm, 1/3.6"" Cảm biến: TOF 3D LiDAR scanner","12 MP, f/2.2, 23mm (wide), 1/3.6"" SL 3D, (depth/biometrics sensor)",Apple A14 Bionic (5 nm),6 GB,128 GB,2 SIM (nano‑SIM và eSIM),"Li-Ion, sạc nhanh 20W, sạc không dây 15W, USB Power Delivery 2.0",27000000,4.9,162,https://cellphones.com.vn/iphone-12-pro-max.html,Cellphones
OPPO Reno7 Z (5G),OPPO,Android 11 - ColorOS 12,Android 11 - ColorOS 12,"Cụm 3 camera Chính 64 MP & Phụ 2 MP, 2 MP",16 MP,Snapdragon 695 5G 8 nhân,8 GB,128 GB,2 SIM (Nano-SIM),"4,500 mAh",9190000,5,1,https://cellphones.com.vn/oppo-reno7-z.html,Cellphones
Samsung Galaxy S22 Ultra (8GB - 128GB),Samsung,"Android 12, One UI 4.1","Android 12, One UI 4.1","108 MP, f/1.8 góc rộng10 MP, f/4.910 MP, f/2.412 MP, f/2.2 góc siêu rộng ","40 MP, f/2.2",Qualcomm Snapdragon 8 Gen 1 (4 nm),8 GB,128 GB,2 Nano SIM hoặc 1 Nano + 1 eSIM,Li-Ion 5000 mAh,29190000,0,0,https://cellphones.com.vn/samsung-galaxy-s22-ultra.html,Cellphones
iPhone 13 128GB | Chính hãng VN/A,iPhone,2532 x 1170 pixels,2532 x 1170 pixels,"Camera góc rộng: 12MP, f/1.6  Camera góc siêu rộng: 12MP, ƒ/2.4 ","12MP, f/2.2",Apple A15,4 GB,128 GB, iOS 15,Khoảng 3.200mAh,21400000,4.9,14,https://cellphones.com.vn/iphone-13.html,Cellphones
OPPO Reno6 Z 5G,OPPO,"ColorOS 11.3, nền tảng Android 11","ColorOS 11.3, nền tảng Android 11",64MP (Chính) + 8MP (Góc rộng) + 2MP (Marco),32 MP,MediaTek Dimensity 800U 5G 8 nhân,8 GB,128 GB,2 SIM (Nano-SIM),4310mAh (Typ),7690000,5,2,https://cellphones.com.vn/oppo-reno-6z.html,Cellphones
iPhone 12 64GB I Chính hãng VN/A,iPhone,iOS 14.1 hoặc cao hơn (Tùy vào phiên bản phát hành),iOS 14.1 hoặc cao hơn (Tùy vào phiên bản phát hành),"12 MP, f/1.6, 26mm (wide), 1.4µm, dual pixel PDAF, OIS 12 MP, f/2.4, 120˚, 13mm (ultrawide), 1/3.6""","12 MP, f/2.2, 23mm (wide), 1/3.6"" SL 3D, (depth/biometrics sensor)",Apple A14 Bionic (5 nm),4 GB,64 GB,2 SIM (nano‑SIM và eSIM),"Li-Ion, sạc nhanh 20W, sạc không dây 15W, USB Power Delivery 2.0",16600000,4.9,61,https://cellphones.com.vn/iphone-12.html,Cellphones
Samsung Galaxy A73,Samsung,"Android 12, One UI 4.1","Android 12, One UI 4.1","Camera chính: 108 MP, f/1.8, PDAF, OIS  Camera gó siêu rộng: 12 MP, f/2.2  Camera macro: 5 MP, f/2.4  Camera chân dung: 5 MP, f/2.4","32 MP, f/2.2",Snapdragon 778G 5G 8 nhân,8 GB,256 GB,2 SIM (Nano-SIM),5000 mAh,12990000,5,1,https://cellphones.com.vn/samsung-galaxy-a73.html,Cellphones
Xiaomi Mi 11 Lite 5G,Xiaomi,"Android 11, MIUI 12","Android 11, MIUI 12","Camera chính: 64 MP, f/1.8 Camera góc rộng: 8 MP, f/2.2, 119˚  Camera cận cảnh: 5 MP, f/2.4","20 MP, f/2.5",Snapdragon 780G (5 nm),8 GB,128 GB,2 SIM (Nano-SIM),Li-Po 4250 mAh,7490000,4.6,107,https://cellphones.com.vn/xiaomi-mi-11-lite.html,Cellphones
OPPO Reno6 5G,OPPO,"Android 11, ColorOS 11.3","Android 11, ColorOS 11.3","Camera góc rộng: 64 MP, f/1.7, PDAF  Camera góc siêu rộng: 8 MP, f/2.2  Camera macro: 2 MP, f/2.4 ","32 MP, f/2.4",MT6877 Dimensity 900 5G (6 nm),8 GB,128 GB,2 SIM (Nano-SIM), Li-P0 4300 mAh,10790000,5,3,https://cellphones.com.vn/oppo-reno-6.html,Cellphones
iPhone 11 128GB I Chính hãng VN/A,iPhone,iOS 13 hoặc cao hơn (Tùy vào phiên bản phát hành),iOS 13 hoặc cao hơn (Tùy vào phiên bản phát hành),Camera kép 12MP:- Camera góc rộng: ƒ/1.8 aperture- Camera siêu rộng: ƒ/2.4 aperture ,"12 MP, ƒ/2.2 aperture",A13 Bionic,4 GB,128 GB,Nano-SIM + eSIM,3110 mAh,13700000,4.9,32,https://cellphones.com.vn/iphone-11-128gb.html,Cellphones
OPPO A95,OPPO,"ColorOS 11.1, Android 11","ColorOS 11.1, Android 11","Camera chính: 48MP, f/1.7, AF  Camera chân dung: 2MP, f/2.4 Camera macro: 2MP, f/2.4","16MP, f/2.4",Qualcomm® Snapdragon™ 662,8 GB,128 GB,2 SIM (Nano-SIM),5000mAh,6290000,3,1,https://cellphones.com.vn/oppo-a95.html,Cellphones
Tecno Spark 8C,Tecno,"Android 11 (Go edition), HiOS 7.6","Android 11 (Go edition), HiOS 7.6",13 MP + 8MP,8 MP,UNISOC T606,4GB + Mở rộng 3GB,64 GB,2 SIM (Nano-SIM),Li-Po 5000 mAh,2650000,0,0,https://cellphones.com.vn/tecno-spark-8c.html,Cellphones
Nokia G21,Nokia,"Android 11, 2 năm nâng cấp hệ điều hành. 3 năm cập nhật bảo mật","Android 11, 2 năm nâng cấp hệ điều hành. 3 năm cập nhật bảo mật","Chính 50 MP & Phụ 2 MP, 2 MP",8 MP,Unisoc T606 (12 nm),4 GB,128 GB,2 SIM (Nano-SIM),Li-Po 5050 mAh,3990000,4,1,https://cellphones.com.vn/nokia-g21.html,Cellphones
Vsmart Aris 8GB 128GB,Vsmart,1080 x 1620 pixels (FullHD+),1080 x 1620 pixels (FullHD+),20MP,Snapdragon 730 8 nhân,8 GB,128 GB,"4,000mAh, sạc nhanh Quick Charge 3.0 18W","Android 10, VOS 3.0",2 SIM (Nano-SIM),4390000,4.7,44,https://cellphones.com.vn/vsmart-aris-8gb.html,Cellphones
iPhone 13 Pro 128GB | Chính hãng VN/A,iPhone,iOS15,iOS15,"Camera góc rộng: 12MP, ƒ/1.5  Camera góc siêu rộng: 12MP, ƒ/1.8  Camera tele : 12MP, /2.8","12MP, ƒ/2.2",Apple A15,6 GB,128 GB,2 SIM (nano‑SIM và eSIM),"3,095mAh",27190000,4.3,3,https://cellphones.com.vn/iphone-13-pro.html,Cellphones
Samsung Galaxy S22 (8GB - 128GB),Samsung," Android 12, One UI 4.1"," Android 12, One UI 4.1","Camera chính: 50MP, f/1.8 Camera góc siêu rộng: 12MP, f/2.2  Camera tele: 10MP, f/2.4","10MP, F/2.2",Chip Snapdragon 8 Gen 1,8 GB,128 GB,2 Nano-SIM + eSIM,3700 mAh,20790000,0,0,https://cellphones.com.vn/samsung-galaxy-s22.html,Cellphones
iPhone 13 Pro Max 256GB I Chính hãng VN/A,iPhone,iOS15,iOS15,"Camera góc rộng: 12MP, ƒ/1.5  Camera góc siêu rộng: 12MP, ƒ/1.8  Camera tele : 12MP, /2.8","12MP, ƒ/2.2",Apple A15,6 GB,256 GB,2 SIM (nano‑SIM và eSIM),"4,325mAh",32500000,4.5,11,https://cellphones.com.vn/iphone-13-pro-max-256gb.html,Cellphones
Xiaomi Poco X3 GT,Xiaomi,"Android 11, MIUI 12.5","Android 11, MIUI 12.5","Camera chính: 64 MP, f/1.79, PDAF  Camera góc siêu rộng: 8 MP, f/2.2  Camera cận cảnh: 2 MP, f/2.4","16 MP, f/2.45",MediaTek Dimensity 1100,8 GB,128 GB,2 SIM (Nano-SIM),Li-Po 5000 mAh,6290000,4.7,3,https://cellphones.com.vn/xiaomi-poco-x3-gt.html,Cellphones
ASUS ROG Phone 5 chính hãng,ASUS,"Android 11, ROG UI","Android 11, ROG UI","Camera góc rộng: 64 MP, f/1.8, 26mm, 1/1.73"", 0.8µm, PDAF Camera góc siêu rộng: 13 MP, f/2.4, 11mm, 125˚ Camera macro"" 5 MP, f/2.0","24 MP, f/2.5, 27mm (wide), 0.9µm",Snapdragon 888 (5 nm),16 GB,256 GB,2 SIM (Nano-SIM),6000 mAh,18990000,4.9,54,https://cellphones.com.vn/asus-rog-phone-5.html,Cellphones
iPhone SE 2022 | Chính hãng VN/A,iPhone,iOS 15,iOS 15,"Camera góc rộng: 12MP, ƒ/1.8","7MP, ƒ/2.2",Chip A15 Bionic 6 nhân,4 GB,64 GB,2 SIM (nano‑SIM và eSIM),1.820mAh,12490000,0,0,https://cellphones.com.vn/iphone-se-2022.html,Cellphones
Realme 9 Pro Plus,Realme,"UI 3.0, Android 12","UI 3.0, Android 12","Camera chính: 50MP, f/1.8  Camera macro: 2MP, f/2.4  Camera góc rộng: 8MP, 119°, f/2.2","16MP, f/2.4",MediaTek Dimensity 920 5G ,8 GB,128 GB,2 SIM (Nano-SIM),4500mAh,8590000,0,0,https://cellphones.com.vn/realme-9-pro-plus.html,Cellphones
Xiaomi Redmi 9A,Xiaomi,"Android 10, MIUI 12","Android 10, MIUI 12","13MP, Khẩu độ ƒ/2.2, AF, Đèn flash đơn, Chế độ kính vạn hoa","5MP camera trước, Khẩu độ ƒ/2.2, Chế độ chân dung",MediaTek Helio G25 (12 nm),2 GB,32 GB,2 SIM (Nano-SIM),"Li-Po 5000 mAh battery, Hỗ trợ sạc nhanh 10W",2200000,4.9,29,https://cellphones.com.vn/xiaomi-redmi-9a.html,Cellphones
ASUS ROG Phone 5S 16GB 512GB,ASUS,"Android 11, ROG UI","Android 11, ROG UI","Camera góc rộng: 64 MP  Camera góc siêu rộng: 13 MP,  Camera macro: 5 MP",24 MP,Snapdragon 888 Plus 8 nhân,16 GB,512 GB,2 SIM (Nano-SIM),6000 mAh,21990000,5,2,https://cellphones.com.vn/asus-rog-phone-5s-512gb.html,Cellphones
Nubia Red Magic 6R,Nubia,"Android 11, Redmagic 4.0","Android 11, Redmagic 4.0","Camera chính: 64 MP, f/1.8  Camera góc siêu rộng: 8 MP, f/2.0  Camera cận cảnh: 5 MP  Cảm biến độ sâu: 2 MP","16 MP, f/1.8",SM8350 Snapdragon 888 5G (5 nm),8 GB,128 GB,2 SIM (Nano-SIM),Li-Po 4200 mAh,9990000,0,0,https://cellphones.com.vn/nubia-red-magic-6r.html,Cellphones
ASUS ROG Phone 5S 12GB 256GB,ASUS,Android 11,Android 11,"Camera chính: 64 MP, f/1.8, PDAF  Camera góc siêu rộng: 13 MP, f/2.4  Camera macro: 5 MP, f/2.0","24 MP, f/2.5",Qualcomm® Snapdragon® 888+ 5G Mobile Platform,12 GB,256 GB,2 SIM (Nano-SIM),6000 mAh,17990000,0,0,https://cellphones.com.vn/asus-rog-phone-5s-12gb.html,Cellphones
OPPO Reno5 5G,OPPO,"ColorOS 11.1, Nền tảng Android 11","ColorOS 11.1, Nền tảng Android 11",64 MP + 8 MP + 2 MP + 2 MP,"32 MP, F/2.4",Qualcomm SM7250 Snapdragon 765G (7 nm),8 GB,128 GB,2 SIM (Nano-SIM),"4300mAh (Typ), Sạc siêu nhanh",8990000,5,3,https://cellphones.com.vn/oppo-reno-5-5g.html,Cellphones
Samsung Galaxy A71,Samsung,Android 10,Android 10,Camera chính 64MPCamera góc siêu rộng 12MP2 Camera góc rộng 5MP,32 MP,Qualcomm Snapdragon 730 ,8 GB,128 GB,2 SIM (Nano-SIM), 4500 mAh,7700000,4.8,36,https://cellphones.com.vn/samsung-galaxy-a71.html,Cellphones
Xiaomi Redmi 10 (4GB - 128GB),Xiaomi,1080 x 2400 pixels (FullHD+),1080 x 2400 pixels (FullHD+),"8 MP, f/2.0",MediaTek Helio G88,4 GB,128 GB,5000 mAh,MIUI 12.5,2 SIM (Nano-SIM),3950000,4.6,14,https://cellphones.com.vn/xiaomi-redmi-10.html,Cellphones
Samsung Galaxy Note 20,Samsung,1080 x 2400 pixels (FullHD+),1080 x 2400 pixels (FullHD+),"10 MP, f/2.2, 26mm (wide), 1/3.2"", 1.22µm, Dual Pixel PDAF",Exynos 990 (7 nm+),8 GB,256 GB,Non-removable Li-Ion 4300 mAh battery Fast charging 25W USB Power Delivery 3.0 Fast Qi/PMA wireless charging Reverse wireless charging 9W,"Android 10, One UI 2.5",2 SIM (Nano-SIM),15000000,4.9,7,https://cellphones.com.vn/samsung-galaxy-note-20.html,Cellphones
Samsung Galaxy S20 Ultra,Samsung,Android 10.0; One UI 2,Android 10.0; One UI 2,"Camera chính: 108 MP, f/1.8, PDAF, OISCamera siêu rộng:12 MP, f/2.2, AFCamera Zoom: 48 MP, f/3.6, PDAF, OIS, Zoom quang học 10xCamera TOF: 0.3 MP","40 MP, f/2.2, PDAF",Exynos 990 (7 nm+),12 GB,128 GB,2 SIM (Nano-SIM),Li-Po 5000 mAh,16000000,5,8,https://cellphones.com.vn/samsung-galaxy-s20-ultra.html,Cellphones
Xiaomi Mi 10T Pro 5G,Xiaomi,"Android 10, MIUI 12","Android 10, MIUI 12","108 MP, f/1.7, 26mm (wide), 1/1.33"", 0.8µm, PDAF, OIS 13 MP, f/2.4, 123˚ (ultrawide), 1.12µm 5 MP, f/2.4, (macro), AF","20 MP, f/2.2, 27mm (wide), 1/3.4"", 0.8µm",Qualcomm Snapdragon™ 865 5G,8 GB,256 GB,2 SIM (Nano-SIM),Li-Po 5000 mAh,11200000,4.7,27,https://cellphones.com.vn/xiaomi-mi-10t-pro.html,Cellphones
iPhone 13 mini 128GB | Chính hãng VN/A,iPhone,iOS15,iOS15,"Camera góc rộng: 12MP, f/1.6  Camera góc siêu rộng: 12MP, ƒ/2.4 ","12MP, f/2.2",Apple A15,4 GB,128 GB,2 SIM (nano‑SIM và eSIM),"2,406mAh",18990000,0,0,https://cellphones.com.vn/iphone-13-mini.html,Cellphones
Nokia G10,Nokia,"HD+, Thiết kế giọt nước, 20:9","HD+, Thiết kế giọt nước, 20:9",8 MP,Mediatek G25 8x A53 2.0GHz,4 GB,64 GB,5050 mAh,2 năm nâng cấp hệ điều hành,2 SIM (Nano-SIM),2990000,0,0,https://cellphones.com.vn/nokia-g10.html,Cellphones
Nokia C30 2GB 32GB,Nokia,Android 11 (phiên bản Go) | 2 năm cập nhật bảo mật hàng quý,Android 11 (phiên bản Go) | 2 năm cập nhật bảo mật hàng quý, 13MP AF + 2MP FF Cảm biến độ sâu,5 MP,SC9863A 8 nhân 1.6GHz,2 GB,32 GB,2 SIM (Nano-SIM),6000 mAh,2290000,4,1,https://cellphones.com.vn/nokia-c30-2gb.html,Cellphones
iPhone 13 256GB | Chính hãng VN/A,iPhone,2532 x 1170 pixels,2532 x 1170 pixels,"Camera góc rộng: 12MP, f/1.6  Camera góc siêu rộng: 12MP, ƒ/2.4 ","12MP, f/2.2",Apple A15,4 GB,256 GB, iOS 15,"Khoảng 3,200mAh",23500000,5,0,https://cellphones.com.vn/iphone-13-256gb.html,Cellphones
Tecno Pova 2 6G 128GB,Tecno,"Android 11, HIOS 7.6","Android 11, HIOS 7.6","Góc rộng: 48 MP, f/1.9 Macro: 2 MP Xoá phông: 2 MP Xoá phông: 2 MP","8 MP, f/2.0",MediaTek Helio G85 (12nm),6 GB,128 GB,2 SIM (Nano-SIM),Li-Po 7000 mAh,3850000,5,0,https://cellphones.com.vn/tecno-pova-2-6gb-128gb.html,Cellphones
Xiaomi Redmi 9T 4GB 64GB,Xiaomi,1080 x 2340 pixels (FullHD+),1080 x 2340 pixels (FullHD+),"8 MP, f/2.0, 27mm (wide), 1/4.0"", 1.12µm",Qualcomm SM6115 Snapdragon 662 (11 nm),4 GB,64 GB,Li-Po 6000 mAh,"Android 10, MIUI 12",2 SIM (Nano-SIM),3990000,5,0,https://cellphones.com.vn/xiaomi-redmi-9t-4gb-64gb.html,Cellphones
iPhone 12 mini 64GB I Chính hãng VN/A,iPhone,iOS 14.1 hoặc cao hơn (Tùy vào phiên bản phát hành),iOS 14.1 hoặc cao hơn (Tùy vào phiên bản phát hành),"12 MP, f/1.6, 26mm (wide), 1.4µm, dual pixel PDAF, OIS 12 MP, f/2.4, 120˚, 13mm (ultrawide), 1/3.6""","12 MP, f/2.2, 23mm (wide), 1/3.6"" SL 3D, (depth/biometrics sensor)",Apple A14 Bionic (5 nm),4 GB,64 GB,2 SIM (nano‑SIM và eSIM),"Li-Ion, sạc nhanh 20W, sạc không dây 15W, USB Power Delivery 2.0",14500000,4.7,15,https://cellphones.com.vn/iphone-12-mini.html,Cellphones
Xiaomi Redmi Note 10,Xiaomi,"Android 11, MIUI 12","Android 11, MIUI 12","Camera góc rộng: 48 MP, f/1.8, 26mm, 1/2.0"", 0.8µm, PDAF Camera góc siêu rộng: 8 MP, f/2.2, 118˚, 1/4.0"", 1.12µm Camera macro: 2 MP, f/2.4 Cảm biến chiều sâu: 2 MP, f/2.4","13 MP, f/2.5, 1/3.06"", 1.12µm",Snapdragon 678 (11 nm),6 GB,128 GB,2 SIM (Nano-SIM),Li-Po 5000 mAh,5100000,4.7,51,https://cellphones.com.vn/xiaomi-redmi-note-10.html,Cellphones
OPPO Reno7 4G (8GB - 128GB),OPPO,1080 x 2400 pixels (FullHD+),1080 x 2400 pixels (FullHD+),"32MP, f/2.4; FOV 85°",Snapdragon™ 680,8 GB,128 GB,4500 mAh,"Android 11, ColorOS 12",2 SIM (Nano-SIM),7990000,0,0,https://cellphones.com.vn/oppo-reno7-128gb.html,Cellphones
Samsung Galaxy A72,Samsung,"Android 11, One UI 3.0","Android 11, One UI 3.0","Camera góc rộng: 64 MP, f/1.8, 26mm (wide), PDAF, OIS Camera tele: 8 MP, f/2.4, (telephoto), PDAF, OIS, Zoom quang 3X Camera góc siêu rộng: 12 MP, f/2.2, 123˚ Camere macro: 5 MP, f/2.4","32 MP, f/2.2, 26mm (wide), 1/2.8"", 0.8µm",Snapdragon 720G (8 nm),8 GB,256 GB,2 SIM (Nano-SIM),Li-Ion 5000 mAh,10100000,4.7,10,https://cellphones.com.vn/samsung-galaxy-a72.html,Cellphones
Nokia G50 (5G),Nokia,Android 11 (64bit)| 2 năm cập nhật bảo mật hàng tháng,Android 11 (64bit)| 2 năm cập nhật bảo mật hàng tháng,"Camera góc rộng: 48 MP, PDAF  Camera góc siêu rộng: 5 MP  Camera cận cảnh: 2 MP  Camera cảm biến độ sâu: 2 MP",16 MP,Snapdragon 480 8 nhân 5G,6 GB,128 GB,2 SIM (Nano-SIM),5000 mAh,4990000,4.8,15,https://cellphones.com.vn/nokia-g50.html,Cellphones
Samsung Galaxy S22 Plus (8GB + 128GB),Samsung,Android 12,Android 12,"Camera chính: 50 MP, f/1.8  Camera góc siêu rộng: 12 MP, f/2.2  Camera tele:10 MP, f/2.4","10 MP, f/2.2",Snapdragon 8 Gen 1,8 GB,128 GB,2 SIM (Nano-SIM),4500 mAh,24490000,5,1,https://cellphones.com.vn/samsung-galaxy-s22-plus.html,Cellphones
OPPO A55,OPPO,"Android 11, ColorOS 11.1","Android 11, ColorOS 11.1","Camera góc rộng: 50 MP, f/2.2, 25mm 1/3.06"", 1.12µm, PDAF  Camera cận cảnh: 2 MP, f/2.4  Camera xóa phông: 2 MP, f/2.4","16 MP, f/2.0",MediaTek Helio G35,4 GB,64 GB,2 SIM (Nano-SIM),Li-Po 5000 mAh,4290000,0,0,https://cellphones.com.vn/oppo-a55.html,Cellphones
OPPO A16K,OPPO," 60 Hz, 71% NTSC, 480 nits, Corning glass 3 (GG3), 16 triệu màu"," 60 Hz, 71% NTSC, 480 nits, Corning glass 3 (GG3), 16 triệu màu",5MP: f/2.4,"Helio G35 8 nhân, tối đa 2.3GHz",3 GB,32 GB,4230 mA,720 x 1600 pixel,2 SIM (Nano-SIM),3190000,0,0,https://cellphones.com.vn/oppo-a16k.html,Cellphones
Vivo Y15a,Vivo,"Android 11, Funtouch 11","Android 11, Funtouch 11",Chính 13 MP & Phụ 2 MP,8 MP,MediaTek Helio P35,4 GB,64 GB,2 SIM (Nano-SIM),Li-Po 5000 mAh,3200000,0,0,https://cellphones.com.vn/vivo-y15a.html,Cellphones
Xiaomi Redmi Note 10 Pro 6GB,Xiaomi,"Android 11, MIUI 12","Android 11, MIUI 12","Camera góc rộng: 108 MP, f/1.9, 26mm , 1/1.52"", 0.7µm, dual pixel PDAF Camera góc siêu rộng: 8 MP, f/2.2, 118˚, 1/4.0"", 1.12µm Camera macro: 5 MP, f/2.4, AF Cảm biến chiều sâu: 2 MP, f/2.4","16 MP, f/2.5, 1/3.06"", 1.0µm",Snapdragon 732G (8 nm),6 GB,128 GB,2 SIM (Nano-SIM),Li-Po 5020 mAh,6900000,4.7,15,https://cellphones.com.vn/xiaomi-redmi-note-10-pro-6gb.html,Cellphones
Tecno Pova 2,Tecno,"Android 11, HIOS 7.6","Android 11, HIOS 7.6","Góc rộng: 48 MP, f/1.9 Macro: 2 MP Xoá phông: 2 MP Xoá phông: 2 MP","8 MP, f/2.0",MediaTek Helio G85 (12nm),4 GB,64 GB,2 SIM (Nano-SIM),Li-Po 7000 mAh,3450000,5,1,https://cellphones.com.vn/tecno-pova-2.html,Cellphones
Samsung Galaxy A12,Samsung,Android 10,Android 10,"Camera góc rộng: 48 MP, f/2.0, 26mm, AF Camera góc siêu rộng: 5 MP, f/2.2, 123˚ Camera chụp cận cảnh: 2 MP, f/2.4 Camera xóa phông: 2 MP, f/2.4","8 MP, f/2.2",Helio G35,4 GB,128 GB,2 SIM (Nano-SIM),"Li-Po 5000 mAh, sạc nhanh 15W",3750000,4.9,21,https://cellphones.com.vn/samsung-galaxy-a12.html,Cellphones
ASUS ROG Phone 5S 16GB 256GB,ASUS,Android 11,Android 11,"Camera chính: 64 MP, f/1.8, PDAF  Camera góc siêu rộng: 13 MP, f/2.4  Camera macro: 5 MP, f/2.0","24 MP, f/2.5",Qualcomm® Snapdragon® 888+ 5G Mobile Platform,16 GB,256 GB,2 SIM (Nano-SIM),6000 mAh,19990000,5,5,https://cellphones.com.vn/asus-rog-phone-5s.html,Cellphones
OPPO Reno4 Pro,OPPO,"ColorOS 7.2, nền tảng Android 10","ColorOS 7.2, nền tảng Android 10","48 MP (IMX586) + 8 MP + 2 MP + 2 MP, 4 camera","32 MP (IMX616),F/2.4",Qualcomm SM7125 Snapdragon 720G (8 nm),8 GB,256 GB,2 SIM (Nano-SIM),"Li-Po 4000 mAh battery, Fast charging 30W, 60% in 15 min, 100% in 36 min (advertised), SuperVOOC 2.0",7990000,5,11,https://cellphones.com.vn/oppo-reno-4-pro.html,Cellphones
OPPO Reno7 (5G),OPPO,"Android 11, ColorOS 12","Android 11, ColorOS 12","Camera chính: 64 MP, f/1.7, PDAF  Camera góc siêu rộng: 8 MP, f/2.25, 120˚  Camera macro: 2 MP, f/2.4",32MP f/2.4,MediaTek Dimensity 900,8 GB,256 GB,2 SIM (Nano-SIM),Li-Po 4500 mAh,11140000,0,0,https://cellphones.com.vn/oppo-reno-7.html,Cellphones
iPhone XR 64GB I Chính hãng VN/A,iPhone,iOS 14,iOS 14,12MP,7MP,Apple A12 Bionic,3 GB,64 GB,Nano-SIM,2942mAh,12500000,5,23,https://cellphones.com.vn/apple-iphone-xr-64-gb-chinh-hang-vn.html,Cellphones
iPhone 12 128GB I Chính hãng VN/A,iPhone,iOS 14.1 hoặc cao hơn (Tùy vào phiên bản phát hành),iOS 14.1 hoặc cao hơn (Tùy vào phiên bản phát hành),"12 MP, f/1.6, 26mm (wide), 1.4µm, dual pixel PDAF, OIS 12 MP, f/2.4, 120˚, 13mm (ultrawide), 1/3.6""","12 MP, f/2.2, 23mm (wide), 1/3.6"" SL 3D, (depth/biometrics sensor)",Apple A14 Bionic (5 nm),4 GB,128 GB,2 SIM (nano‑SIM và eSIM),"Li-Ion, sạc nhanh 20W, sạc không dây 15W, USB Power Delivery 2.0",18800000,4.8,21,https://cellphones.com.vn/iphone-12-128gb.html,Cellphones
Xiaomi Redmi 10 (4GB - 64GB),Xiaomi,1080 x 2400 pixels (FullHD+),1080 x 2400 pixels (FullHD+),"8 MP, f/2.0",MediaTek Helio G88,4 GB,64 GB,5000 mAh,MIUI 12.5,2 SIM (Nano-SIM),3650000,4.6,8,https://cellphones.com.vn/xiaomi-redmi-10-64gb.html,Cellphones
Nubia Red Magic 6s Pro Cyborg 12GB 128GB,Nubia,"Android 11, RedMagic OS 4.0","Android 11, RedMagic OS 4.0","Camera góc rộng: 64 MP, f/1.79, 26mm, PDAF  Camera góc siêu rộng: 8 MP, f/2.0, 120˚  Camera cận cảnh: 2 MP, f/2.4","8 MP, f/2.0",Qualcomm® Snapdragon™ 888+ 5G,12 GB,128 GB,2 SIM (Nano-SIM),Li-Po 5050 mAh,16490000,5,2,https://cellphones.com.vn/nubia-red-magic-6s-pro.html,Cellphones
OPPO Find X3 Pro 5G,OPPO,"ColorOS 11.2, nền tảng Android 11","ColorOS 11.2, nền tảng Android 11","Camera chính: 50 MP, f/1.8, 1/1.56"", 1.0µm, PDAF, OIS Camera tele: 13 MP, f/2.4, 52mm PDAF, zoom quang 5x Camera góc rộng: 50 MP, f/2.2, 110˚, 1/1.56"", 1.0µm, omnidirectional PDAF Camera macro: 3 MP, f/3.0","32 MP, f/2.4, 26mm (wide), 1/2.8"", 0.8µm",Snapdragon 888 (5 nm),12 GB,256 GB,2 SIM (Nano-SIM),4500mAh,18790000,5,2,https://cellphones.com.vn/oppo-find-x3-pro.html,Cellphones
Samsung Galaxy A52,Samsung,"Android 11, One UI 3.0","Android 11, One UI 3.0","Camera góc rộng: 64 MP, f/1.8, 26mm, PDAF, OIS Camera góc siêu rộng: 12 MP, f/2.2, 123˚ Camera cận cảnh: 5 MP, f/2.4 Cảm biến chiều sâu: 5 MP, f/2.2","32 MP, f/2.2, 26mm, 1/2.8"", 0.8µm",Snapdragon 720G (8 nm),8 GB,128 GB,2 SIM (Nano-SIM),Li-Po 4500 mAh,8650000,4.6,14,https://cellphones.com.vn/samsung-galaxy-a52.html,Cellphones
Xiaomi 11 Lite 5G NE,Xiaomi,"MIUI 12.5, Android 11","MIUI 12.5, Android 11","Camera chính: 64MP, f/1.79, 6P  Camera góc siêu rộng: 8MP, f/2.2  Camera tele: 5MP, f/2.4, Contrast AF (3cm-7cm)","20MP, f/2.24",Snapdragon™ 778G,8 GB,128 GB,2 SIM (Nano-SIM),4250mAh,8000000,4.3,6,https://cellphones.com.vn/xiaomi-11-lite-5g-ne.html,Cellphones
Samsung Galaxy A31,Samsung,Android 10,Android 10,48 MP + 8 MP + 5 MP + 5 MP,20 MP,MediaTek MT6768 8 nhân (Helio P65),6 GB,128 GB,2 SIM (Nano-SIM),"5.000 mAh - Tiết kiệm pin, Sạc pin nhanh 15W",5150000,4.6,11,https://cellphones.com.vn/samsung-galaxy-a31.html,Cellphones
ASUS ROG Phone 3 Chính hãng,ASUS,"Android 10, ROG UI","Android 10, ROG UI","- Camera chính góc rộng 64 MP, f/1.8, lấy nét theo pha kép PDAF - Camera góc siêu rộng 13 MP, f/2.4, 125˚  - Camera macro 5 MP, f/2.0","Ống kính góc rộng 24 MP, f/2.0",Qualcomm Snapdragon 865+ (7nm+),12 GB,512 GB,2 SIM (Nano-SIM),"- Pin Li-Po 6,000 mAh  - Sạc nhanh 30W, hỗ trợ chuẩn PD 3.0, Quick Charge 4.0, 3.0  - Sạc ngược không dây 10W",16990000,4.9,37,https://cellphones.com.vn/asus-rog-phone-3.html,Cellphones
Samsung Galaxy S22 Ultra (12GB - 256GB),Samsung,"Android 12, One UI 4.1","Android 12, One UI 4.1","108 MP, f/1.8 góc rộng10 MP, f/4.910 MP, f/2.412 MP, f/2.2 góc siêu rộng ","40 MP, f/2.2",Qualcomm Snapdragon 8 Gen 1 (4 nm),12 GB,256 GB,2 Nano-SIM + eSIM,Li-Ion 5000 mAh,31990000,0,0,https://cellphones.com.vn/samsung-galaxy-s22-ultra-12gb-256gb.html,Cellphones
Samsung Galaxy Note 20 Ultra,Samsung,"Android 10, One UI 2.1","Android 10, One UI 2.1","- Cảm biến chính góc rộng 108 MP, f/1.8, lấy nét theo pha kép PDAF, chống rung OIS - Ống kính tiềm vọng 12 MP, f/3.0, PDAF, OIS, zoom quang 5x, zoom lai 50x - Cảm biến góc rộng 12 MP, f/2.2","Ống kính góc rộng 10 MP, f/2.2, Dual Pixel PDAF",Exynos 990 (7 nm+),8 GB,256 GB,2 SIM (Nano-SIM),"- Li-Ion 4,500 mAh -Sạc nhanh có dây 25W, hỗ trợ chuẩn PD 3.0 - Sạc nhanh không dây - Sạc ngược không dây 9W",19200000,5,8,https://cellphones.com.vn/samsung-galaxy-note-20-ultra.html,Cellphones
Vsmart Joy 4,Vsmart,1080 x 2400 pixels (FullHD+),1080 x 2400 pixels (FullHD+),Camera trước: 13MP F2.0 Chế độ chụp chân dung Hiệu ứng làm đẹp AI Beauty Hiệu ứng AR Sticker,Qualcomm SDM665 Snapdragon 665 (11 nm),3 GB,64 GB,Li-Po 5000 mAh batterySạc nhanh 18W,"Android 10, VOS 3.0",2 SIM (Nano-SIM),3290000,5,0,https://cellphones.com.vn/vsmart-joy-4.html,Cellphones
Samsung Galaxy S21 Plus 5G,Samsung,"Android 11, One UI 3.0","Android 11, One UI 3.0","- Cảm biến chính (góc rộng) 12 MP, f/1.8, chống rung quang học OIS  - Cảm biến tele 64 MP, f/2.0, zoom quang 1.1x, zoom lai 3x  - Cảm biến góc cực rộng 12 MP, f/2.2","10 MP, f/2.2, hỗ trợ lấy nét theo pha kép Dual Pixel PDAF",Exynos 2100 8 nhân,8 GB,128 GB,2 SIM (Nano-SIM),"- Li-Po 4,800 mAh  - Sạc nhanh có dây 25W, tương thích chuẩn PD 3.0  - Sạc nhanh không dây 15W  - Sạc ngược không dây 4.5W",16990000,4.3,10,https://cellphones.com.vn/samsung-galaxy-s21-plus.html,Cellphones
Xiaomi Redmi Note 10 Pro 8GB,Xiaomi,"Android 11, MIUI 12","Android 11, MIUI 12","Camera góc rộng: 108 MP, f/1.9, 26mm , 1/1.52"", 0.7µm, dual pixel PDAF Camera góc siêu rộng: 8 MP, f/2.2, 118˚, 1/4.0"", 1.12µm Camera macro: 5 MP, f/2.4, AF Cảm biến chiều sâu: 2 MP, f/2.4","16 MP, f/2.5, 1/3.06"", 1.0µm",Snapdragon 732G (8 nm),8 GB,128 GB,2 SIM (Nano-SIM),Li-Po 5020 mAh,7300000,4.7,52,https://cellphones.com.vn/xiaomi-redmi-note-10-pro.html,Cellphones
Realme 9 Pro,Realme,"Android 12, UI 3.0","Android 12, UI 3.0","Camera chính: 64MP, f/1.79  Camera góc rộng: 8MP, f/2.2  Camera macro: 2MP, f/2.4",16MP ,Qualcomm Snapdragon 695 5G,8 GB,128 GB,2 SIM (Nano-SIM),5000mAh,6990000,5,1,https://cellphones.com.vn/realme-9-pro.html,Cellphones
iPhone 12 Pro Max 256GB I Chính hãng VN/A,iPhone,iOS 14.1 hoặc cao hơn (Tùy vào phiên bản phát hành),iOS 14.1 hoặc cao hơn (Tùy vào phiên bản phát hành),"12 MP, f/1.6, 26mm (wide), 1.4µm, dual pixel PDAF, OIS 12 MP, f/2.0, 52mm (telephoto), 1/3.4"", 1.0µm, PDAF, OIS, 2x optical zoom 12 MP, f/2.4, 120˚, 13mm (ultrawide), 1/3.6"" TOF 3D LiDAR scanner (depth)","12 MP, f/2.2, 23mm (wide), 1/3.6"" SL 3D, (depth/biometrics sensor)",Apple A14 Bionic (5 nm),6 GB,256 GB,2 SIM (nano‑SIM và eSIM),"Li-Ion, sạc nhanh 18W, sạc không dây 15W, USB Power Delivery 2.0",29000000,5,7,https://cellphones.com.vn/iphone-12-pro-max-256gb.html,Cellphones
Nubia Red Magic 6,Nubia,"Android 11, Redmagic 4.0","Android 11, Redmagic 4.0","Camera chính: 64 MP, f/1.8  Camera góc siêu rộng: 8 MP, f/2.0  Camera cận cảnh: 2 MP","8MP, f/2.0",Snapdragon 888 5G (5 nm),12 GB,128 GB,2 SIM (Nano-SIM),Li-Po 5050mAh,16990000,5,8,https://cellphones.com.vn/nubia-red-magic-6.html,Cellphones
Oppo A16,,"Android 11, ColorOS 11.1","Android 11, ColorOS 11.1","Camera góc rộng: 13 MP, f/2.2  Camera macro: 2 MP, f/2.4  Camera cảm biến độ sâu: 2 MP, f/2.4","8 MP, f/2.0", MediaTek Helio G35,3 GB,32 GB,2 SIM (Nano-SIM),Li-Po 5000 mAh,3490000,5,0,https://cellphones.com.vn/oppo-a16.html,Cellphones
Xiaomi POCO X3 NFC 128GB,Xiaomi,"Android 10, MIUI 12","Android 10, MIUI 12","Camera chính: 64 MP, f/1.9, (wide), 1/1.73"", 0.8µm, PDAF Camera góc siêu rộng: 13 MP, f/2.2, 119˚ (ultrawide), 1.0µm Camera macro: 2 MP, f/2.4 Cảm biến xóa phông: 2 MP, f/2.4","20 MP, f/2.2, (wide), 1/3.4"", 0.8µm",Qualcomm SM7150-AC Snapdragon 732G (8 nm),6 GB,128 GB,2 SIM (Nano-SIM),Li-Po 5160 mAh Sạc nhanh 33W,5700000,4.5,21,https://cellphones.com.vn/xiaomi-poco-x3.html,Cellphones
OPPO A15,OPPO,Android 10,Android 10,"13 MP, f/2.2, (wide), 1/3.1"", 1.12µm, PDAF 2 MP, f/2.4, (macro) 2 MP, f/2.4, (depth)","8 MP, (wide)",Mediatek MT6765 Helio P35 (12nm),3 GB,32 GB,2 SIM (Nano-SIM),Li-Po 4230 mAh,3290000,4,3,https://cellphones.com.vn/oppo-a15.html,Cellphones
OPPO Reno5,OPPO,"ColorOS 11.1, Nền tảng Android 11","ColorOS 11.1, Nền tảng Android 11",64 MP + 8 MP + 2 MP + 2 MP,"44 MP, F/2.4, Cảm biến thông minh AI","Qualcomm Snapdragon 720G, tối đa 2.3GHz",8 GB,128 GB,2 SIM (Nano-SIM),"4310mAh (Typ), Sạc siêu nhanh",7790000,4.8,26,https://cellphones.com.vn/oppo-reno-5.html,Cellphones
iPhone 13 Pro 256GB | Chính hãng VN/A,iPhone,iOS15,iOS15,"Camera góc rộng: 12MP, ƒ/1.5  Camera góc siêu rộng: 12MP, ƒ/1.8  Camera tele : 12MP, /2.8","12MP, ƒ/2.2",Apple A15,6 GB,256 GB,2 SIM (nano‑SIM và eSIM),"3,095mAh",30200000,5,1,https://cellphones.com.vn/iphone-13-pro-256gb.html,Cellphones
